Sample_ID,extraction_ID,pcr_replicate,project,alt_ID,tank_ID,station_ID,sample_type,extraction_plate,extraction_well,DNA_conc,MiSeq_run,collection_year,collection_month,collection_day,location1,longitude,latitude,depth,time_of_day
e02112_A,e02112,A,aquaria,59,40,NA,sample,18_2023,A1,5.155,A,2023,3,24,NA,NA,NA,NA,NA
e02205_A,e02205,A,aquaria,384,87,NA,sample,19_2023,A1,2.504,A,2023,2,1,NA,NA,NA,NA,NA
e02114_A,e02114,A,aquaria,423,47,NA,sample,18_2023,C1,2.241,A,2023,3,31,NA,NA,NA,NA,NA
e02207_A,e02207,A,aquaria,429,98,NA,sample,19_2023,C1,4.283,A,2023,1,23,NA,NA,NA,NA,NA
e02116_A,e02116,A,aquaria,299,55,NA,sample,18_2023,E1,2.473,A,2023,3,31,NA,NA,NA,NA,NA
e02209_A,e02209,A,aquaria,332,98,NA,sample,19_2023,E1,2.621,A,2023,1,23,NA,NA,NA,NA,NA
e02118_A,e02118,A,aquaria,224,55,NA,sample,18_2023,G1,2.393,A,2023,3,31,NA,NA,NA,NA,NA
e02211_A,e02211,A,aquaria,300,87,NA,sample,19_2023,G1,3.158,A,2023,2,1,NA,NA,NA,NA,NA
e02120_A,e02120,A,aquaria,413,11,NA,sample,18_2023,A2,2.327,A,2023,3,27,NA,NA,NA,NA,NA
e02213_A,e02213,A,aquaria,NA,NA,NA,extraction_blank,19_2023,A2,0.28,A,NA,NA,NA,NA,NA,NA,NA,NA
e02122_A,e02122,A,aquaria,213,40,NA,sample,18_2023,C2,5.449,A,2023,3,24,NA,NA,NA,NA,NA
e02214_A,e02214,A,aquaria,241,T,NA,field_blank,19_2023,B2,0.51,A,2023,2,1,NA,NA,NA,NA,NA
e02124_A,e02124,A,aquaria,220,40,NA,sample,18_2023,E2,4.737,A,2023,3,24,NA,NA,NA,NA,NA
e02216_A,e02216,A,aquaria,133,87,NA,sample,19_2023,D2,1.946,A,2023,2,1,NA,NA,NA,NA,NA
e02126_A,e02126,A,aquaria,273,47,NA,sample,18_2023,G2,1.982,A,2023,3,31,NA,NA,NA,NA,NA
e02218_A,e02218,A,aquaria,314,98,NA,sample,19_2023,F2,5.769,A,2023,1,23,NA,NA,NA,NA,NA
e02128_A,e02128,A,aquaria,NA,NA,NA,extraction_blank,18_2023,A3,0.218,A,NA,NA,NA,NA,NA,NA,NA,NA
e02129_A,e02129,A,aquaria,275,47,NA,sample,18_2023,B3,2.249,A,2023,3,31,NA,NA,NA,NA,NA
e02220_A,e02220,A,aquaria,79,72,NA,sample,19_2023,H2,12.923,A,2023,1,23,NA,NA,NA,NA,NA
e02131_A,e02131,A,aquaria,495,11,NA,sample,18_2023,D3,3.517,A,2023,3,27,NA,NA,NA,NA,NA
e02222_A,e02222,A,aquaria,94,72,NA,sample,19_2023,B3,11.216,A,2023,1,23,NA,NA,NA,NA,NA
e02133_A,e02133,A,aquaria,141,86,NA,sample,18_2023,F3,3.295,A,2023,3,17,NA,NA,NA,NA,NA
e02224_A,e02224,A,aquaria,10,72,NA,sample,19_2023,D3,12.142,A,2023,1,23,NA,NA,NA,NA,NA
e02135_A,e02135,A,aquaria,194,T,NA,field_blank,18_2023,H3,0.68,A,2023,3,24,NA,NA,NA,NA,NA
e02226_A,e02226,A,aquaria,340,32,NA,sample,19_2023,F3,31.5,A,2023,1,23,NA,NA,NA,NA,NA
e02137_A,e02137,A,aquaria,118,T,NA,field_blank,18_2023,B4,0.477,A,2023,3,27,NA,NA,NA,NA,NA
e02228_A,e02228,A,aquaria,124,24,NA,sample,19_2023,H3,2.532,A,2023,1,23,NA,NA,NA,NA,NA
e02139_A,e02139,A,aquaria,377,11,NA,sample,18_2023,D4,3.169,A,2023,3,27,NA,NA,NA,NA,NA
e02230_A,e02230,A,aquaria,NA,NA,NA,extraction_blank,19_2023,B4,0.251,A,NA,NA,NA,NA,NA,NA,NA,NA
e02141_A,e02141,A,aquaria,491,17,NA,sample,18_2023,F4,2.525,A,2023,3,20,NA,NA,NA,NA,NA
e02231_A,e02231,A,aquaria,379,24,NA,sample,19_2023,C4,3.014,A,2023,1,23,NA,NA,NA,NA,NA
e02143_A,e02143,A,aquaria,62,3,NA,sample,18_2023,H4,1.928,A,2023,3,8,NA,NA,NA,NA,NA
e02233_A,e02233,A,aquaria,106,24,NA,sample,19_2023,E4,3.254,A,2023,1,23,NA,NA,NA,NA,NA
e02145_A,e02145,A,aquaria,NA,NA,NA,extraction_blank,18_2023,B5,0.226,A,NA,NA,NA,NA,NA,NA,NA,NA
e02146_A,e02146,A,aquaria,462,86,NA,sample,18_2023,C5,2.332,A,2023,3,17,NA,NA,NA,NA,NA
e02235_A,e02235,A,aquaria,351,32,NA,sample,19_2023,G4,29.854,A,2023,1,23,NA,NA,NA,NA,NA
e02148_A,e02148,A,aquaria,229,T,NA,field_blank,18_2023,E5,0.534,A,2023,3,20,NA,NA,NA,NA,NA
e02237_A,e02237,A,aquaria,313,32,NA,sample,19_2023,A5,31.5,A,2023,1,23,NA,NA,NA,NA,NA
e02150_A,e02150,A,aquaria,481,17,NA,sample,18_2023,G5,2.369,A,2023,3,20,NA,NA,NA,NA,NA
e02239_A,e02239,A,aquaria,395,T,NA,field_blank,19_2023,C5,0.769,A,2023,1,23,NA,NA,NA,NA,NA
e02152_A,e02152,A,aquaria,408,17,NA,sample,18_2023,A6,3.061,A,2023,3,20,NA,NA,NA,NA,NA
e02241_A,e02241,A,aquaria,212,43,NA,sample,19_2023,E5,7.709,A,2022,12,6,NA,NA,NA,NA,NA
e02154_A,e02154,A,aquaria,226,3,NA,sample,18_2023,C6,1.949,A,2023,3,8,NA,NA,NA,NA,NA
e02243_A,e02243,A,aquaria,301,43,NA,sample,19_2023,G5,6.708,A,2022,12,6,NA,NA,NA,NA,NA
e02156_A,e02156,A,aquaria,370,86,NA,sample,18_2023,E6,2.33,A,2023,3,17,NA,NA,NA,NA,NA
e02245_A,e02245,A,aquaria,72,43,NA,sample,19_2023,A6,5.117,A,2022,12,6,NA,NA,NA,NA,NA
e02158_A,e02158,A,aquaria,391,41,NA,sample,18_2023,G6,4.61,A,2023,3,17,NA,NA,NA,NA,NA
NC1_A,NC1,A,aquaria,NA,NA,NA,PCR_blank,NA,H6,0.217,A,NA,NA,NA,NA,NA,NA,NA,NA
e02247_A,e02247,A,aquaria,NA,NA,NA,extraction_blank,19_2023,C6,0.235,A,NA,NA,NA,NA,NA,NA,NA,NA
e02160_A,e02160,A,aquaria,417,41,NA,sample,18_2023,B7,5.474,A,2023,3,17,NA,NA,NA,NA,NA
e02248_A,e02248,A,aquaria,107,T,NA,field_blank,19_2023,D6,0.673,A,2022,12,6,NA,NA,NA,NA,NA
e02162_A,e02162,A,aquaria,NA,NA,NA,extraction_blank,18_2023,D7,0.212,A,NA,NA,NA,NA,NA,NA,NA,NA
e02163_A,e02163,A,aquaria,358,41,NA,sample,18_2023,E7,5.78,A,2023,3,17,NA,NA,NA,NA,NA
e02199_A,e02199,A,aquaria,89,67,NA,sample,18_2023,A12,10.594,A,2023,2,1,NA,NA,NA,NA,NA
e02165_A,e02165,A,aquaria,385,59,NA,sample,18_2023,G7,1.297,A,2023,3,8,NA,NA,NA,NA,NA
e02201_A,e02201,A,aquaria,388,67,NA,sample,18_2023,C12,16.945,A,2023,2,1,NA,NA,NA,NA,NA
e02167_A,e02167,A,aquaria,404,3,NA,sample,18_2023,A8,1.878,A,2023,3,8,NA,NA,NA,NA,NA
e02203_A,e02203,A,aquaria,368,67,NA,sample,18_2023,E12,20.698,A,2023,2,1,NA,NA,NA,NA,NA
e02169_A,e02169,A,aquaria,52,T,NA,field_blank,18_2023,C8,0.506,A,2023,3,17,NA,NA,NA,NA,NA
e02192_A,e02192,A,aquaria,420,34,NA,sample,18_2023,B11,2.311,A,2023,2,1,NA,NA,NA,NA,NA
e02171_A,e02171,A,aquaria,452,T,NA,field_blank,18_2023,E8,0.754,A,2023,3,14,NA,NA,NA,NA,NA
e02173_A,e02173,A,aquaria,500,76,NA,sample,18_2023,F8,31.5,A,2023,3,14,NA,NA,NA,NA,NA
e02194_A,e02194,A,aquaria,181,34,NA,sample,18_2023,D11,3.761,A,2023,2,1,NA,NA,NA,NA,NA
e02175_A,e02175,A,aquaria,430,T,NA,field_blank,18_2023,H8,0.582,A,2023,3,8,NA,NA,NA,NA,NA
e02196_A,e02196,A,aquaria,NA,NA,NA,extraction_blank,18_2023,F11,0.212,A,NA,NA,NA,NA,NA,NA,NA,NA
e02177_A,e02177,A,aquaria,284,59,NA,sample,18_2023,B9,1.307,A,2023,3,8,NA,NA,NA,NA,NA
e02197_A,e02197,A,aquaria,366,7,NA,sample,18_2023,G11,13.484,A,2023,2,1,NA,NA,NA,NA,NA
e02190_A,e02190,A,aquaria,35,34,NA,sample,18_2023,H10,2.571,A,2023,2,1,NA,NA,NA,NA,NA
e02179_A,e02179,A,aquaria,NA,NA,NA,extraction_blank,18_2023,E9,0.215,A,NA,NA,NA,NA,NA,NA,NA,NA
e02180_A,e02180,A,aquaria,178,59,NA,sample,18_2023,F9,1.305,A,2023,3,8,NA,NA,NA,NA,NA
e02188_A,e02188,A,aquaria,443,7,NA,sample,18_2023,F10,9.239,A,2023,2,1,NA,NA,NA,NA,NA
e02182_A,e02182,A,aquaria,406,76,NA,sample,18_2023,H9,31.5,A,2023,3,14,NA,NA,NA,NA,NA
e02186_A,e02186,A,aquaria,199,7,NA,sample,18_2023,D10,7.481,A,2023,2,1,NA,NA,NA,NA,NA
e02184_A,e02184,A,aquaria,154,76,NA,sample,18_2023,B10,31.5,A,2023,3,14,NA,NA,NA,NA,NA
NC2_A,NC2,A,aquaria,NA,NA,NA,PCR_blank,NA,F6,0.229,A,NA,NA,NA,NA,NA,NA,NA,NA
atlcod_A,atlcod,A,aquaria,NA,NA,NA,positive,NA,G6,0.235,A,NA,NA,NA,NA,NA,NA,NA,NA
safcod1_A,safcod1,A,aquaria,NA,NA,NA,positive,NA,H6,0.22,A,NA,NA,NA,NA,NA,NA,NA,NA
e02112_B,e02112,B,aquaria,59,40,NA,sample,18_2023,A1,5.155,A,2023,3,24,NA,NA,NA,NA,NA
e02205_B,e02205,B,aquaria,384,87,NA,sample,19_2023,A1,2.504,A,2023,2,1,NA,NA,NA,NA,NA
e02114_B,e02114,B,aquaria,423,47,NA,sample,18_2023,C1,2.241,A,2023,3,31,NA,NA,NA,NA,NA
e02207_B,e02207,B,aquaria,429,98,NA,sample,19_2023,C1,4.283,A,2023,1,23,NA,NA,NA,NA,NA
e02116_B,e02116,B,aquaria,299,55,NA,sample,18_2023,E1,2.473,A,2023,3,31,NA,NA,NA,NA,NA
e02209_B,e02209,B,aquaria,332,98,NA,sample,19_2023,E1,2.621,A,2023,1,23,NA,NA,NA,NA,NA
e02118_B,e02118,B,aquaria,224,55,NA,sample,18_2023,G1,2.393,A,2023,3,31,NA,NA,NA,NA,NA
e02211_B,e02211,B,aquaria,300,87,NA,sample,19_2023,G1,3.158,A,2023,2,1,NA,NA,NA,NA,NA
e02120_B,e02120,B,aquaria,413,11,NA,sample,18_2023,A2,2.327,A,2023,3,27,NA,NA,NA,NA,NA
e02213_B,e02213,B,aquaria,NA,NA,NA,extraction_blank,19_2023,A2,0.28,A,NA,NA,NA,NA,NA,NA,NA,NA
e02122_B,e02122,B,aquaria,213,40,NA,sample,18_2023,C2,5.449,A,2023,3,24,NA,NA,NA,NA,NA
e02214_B,e02214,B,aquaria,241,T,NA,field_blank,19_2023,B2,0.51,A,2023,2,1,NA,NA,NA,NA,NA
e02124_B,e02124,B,aquaria,220,40,NA,sample,18_2023,E2,4.737,A,2023,3,24,NA,NA,NA,NA,NA
e02216_B,e02216,B,aquaria,133,87,NA,sample,19_2023,D2,1.946,A,2023,2,1,NA,NA,NA,NA,NA
e02126_B,e02126,B,aquaria,273,47,NA,sample,18_2023,G2,1.982,A,2023,3,31,NA,NA,NA,NA,NA
e02218_B,e02218,B,aquaria,314,98,NA,sample,19_2023,F2,5.769,A,2023,1,23,NA,NA,NA,NA,NA
e02128_B,e02128,B,aquaria,NA,NA,NA,extraction_blank,18_2023,A3,0.218,A,NA,NA,NA,NA,NA,NA,NA,NA
e02129_B,e02129,B,aquaria,275,47,NA,sample,18_2023,B3,2.249,A,2023,3,31,NA,NA,NA,NA,NA
e02220_B,e02220,B,aquaria,79,72,NA,sample,19_2023,H2,12.923,A,2023,1,23,NA,NA,NA,NA,NA
e02131_B,e02131,B,aquaria,495,11,NA,sample,18_2023,D3,3.517,A,2023,3,27,NA,NA,NA,NA,NA
e02222_B,e02222,B,aquaria,94,72,NA,sample,19_2023,B3,11.216,A,2023,1,23,NA,NA,NA,NA,NA
e02133_B,e02133,B,aquaria,141,86,NA,sample,18_2023,F3,3.295,A,2023,3,17,NA,NA,NA,NA,NA
e02224_B,e02224,B,aquaria,10,72,NA,sample,19_2023,D3,12.142,A,2023,1,23,NA,NA,NA,NA,NA
e02135_B,e02135,B,aquaria,194,T,NA,field_blank,18_2023,H3,0.68,A,2023,3,24,NA,NA,NA,NA,NA
e02226_B,e02226,B,aquaria,340,32,NA,sample,19_2023,F3,31.5,A,2023,1,23,NA,NA,NA,NA,NA
e02137_B,e02137,B,aquaria,118,T,NA,field_blank,18_2023,B4,0.477,A,2023,3,27,NA,NA,NA,NA,NA
e02228_B,e02228,B,aquaria,124,24,NA,sample,19_2023,H3,2.532,A,2023,1,23,NA,NA,NA,NA,NA
e02139_B,e02139,B,aquaria,377,11,NA,sample,18_2023,D4,3.169,A,2023,3,27,NA,NA,NA,NA,NA
e02230_B,e02230,B,aquaria,NA,NA,NA,extraction_blank,19_2023,B4,0.251,A,NA,NA,NA,NA,NA,NA,NA,NA
e02141_B,e02141,B,aquaria,491,17,NA,sample,18_2023,F4,2.525,A,2023,3,20,NA,NA,NA,NA,NA
e02231_B,e02231,B,aquaria,379,24,NA,sample,19_2023,C4,3.014,A,2023,1,23,NA,NA,NA,NA,NA
e02143_B,e02143,B,aquaria,62,3,NA,sample,18_2023,H4,1.928,A,2023,3,8,NA,NA,NA,NA,NA
e02233_B,e02233,B,aquaria,106,24,NA,sample,19_2023,E4,3.254,A,2023,1,23,NA,NA,NA,NA,NA
e02145_B,e02145,B,aquaria,NA,NA,NA,extraction_blank,18_2023,B5,0.226,A,NA,NA,NA,NA,NA,NA,NA,NA
e02146_B,e02146,B,aquaria,462,86,NA,sample,18_2023,C5,2.332,A,2023,3,17,NA,NA,NA,NA,NA
e02235_B,e02235,B,aquaria,351,32,NA,sample,19_2023,G4,29.854,A,2023,1,23,NA,NA,NA,NA,NA
e02148_B,e02148,B,aquaria,229,T,NA,field_blank,18_2023,E5,0.534,A,2023,3,20,NA,NA,NA,NA,NA
e02237_B,e02237,B,aquaria,313,32,NA,sample,19_2023,A5,31.5,A,2023,1,23,NA,NA,NA,NA,NA
e02150_B,e02150,B,aquaria,481,17,NA,sample,18_2023,G5,2.369,A,2023,3,20,NA,NA,NA,NA,NA
e02239_B,e02239,B,aquaria,395,T,NA,field_blank,19_2023,C5,0.769,A,2023,1,23,NA,NA,NA,NA,NA
e02152_B,e02152,B,aquaria,408,17,NA,sample,18_2023,A6,3.061,A,2023,3,20,NA,NA,NA,NA,NA
e02241_B,e02241,B,aquaria,212,43,NA,sample,19_2023,E5,7.709,A,2022,12,6,NA,NA,NA,NA,NA
e02154_B,e02154,B,aquaria,226,3,NA,sample,18_2023,C6,1.949,A,2023,3,8,NA,NA,NA,NA,NA
e02243_B,e02243,B,aquaria,301,43,NA,sample,19_2023,G5,6.708,A,2022,12,6,NA,NA,NA,NA,NA
e02156_B,e02156,B,aquaria,370,86,NA,sample,18_2023,E6,2.33,A,2023,3,17,NA,NA,NA,NA,NA
e02245_B,e02245,B,aquaria,72,43,NA,sample,19_2023,A6,5.117,A,2022,12,6,NA,NA,NA,NA,NA
e02158_B,e02158,B,aquaria,391,41,NA,sample,18_2023,G6,4.61,A,2023,3,17,NA,NA,NA,NA,NA
NC1_B,NC,B,aquaria,NA,NA,NA,PCR_blank,NA,H6,0.217,A,NA,NA,NA,NA,NA,NA,NA,NA
e02247_B,e02247,B,aquaria,NA,NA,NA,extraction_blank,19_2023,C6,0.235,A,NA,NA,NA,NA,NA,NA,NA,NA
e02160_B,e02160,B,aquaria,417,41,NA,sample,18_2023,B7,5.474,A,2023,3,17,NA,NA,NA,NA,NA
e02248_B,e02248,B,aquaria,107,T,NA,field_blank,19_2023,D6,0.673,A,2022,12,6,NA,NA,NA,NA,NA
e02162_B,e02162,B,aquaria,NA,NA,NA,extraction_blank,18_2023,D7,0.212,A,NA,NA,NA,NA,NA,NA,NA,NA
e02163_B,e02163,B,aquaria,358,41,NA,sample,18_2023,E7,5.78,A,2023,3,17,NA,NA,NA,NA,NA
e02199_B,e02199,B,aquaria,89,67,NA,sample,18_2023,A12,10.594,A,2023,2,1,NA,NA,NA,NA,NA
e02165_B,e02165,B,aquaria,385,59,NA,sample,18_2023,G7,1.297,A,2023,3,8,NA,NA,NA,NA,NA
e02201_B,e02201,B,aquaria,388,67,NA,sample,18_2023,C12,16.945,A,2023,2,1,NA,NA,NA,NA,NA
e02167_B,e02167,B,aquaria,404,3,NA,sample,18_2023,A8,1.878,A,2023,3,8,NA,NA,NA,NA,NA
e02203_B,e02203,B,aquaria,368,67,NA,sample,18_2023,E12,20.698,A,2023,2,1,NA,NA,NA,NA,NA
e02169_B,e02169,B,aquaria,52,T,NA,field_blank,18_2023,C8,0.506,A,2023,3,17,NA,NA,NA,NA,NA
e02192_B,e02192,B,aquaria,420,34,NA,sample,18_2023,B11,2.311,A,2023,2,1,NA,NA,NA,NA,NA
e02171_B,e02171,B,aquaria,452,T,NA,field_blank,18_2023,E8,0.754,A,2023,3,14,NA,NA,NA,NA,NA
e02173_B,e02173,B,aquaria,500,76,NA,sample,18_2023,F8,31.5,A,2023,3,14,NA,NA,NA,NA,NA
e02194_B,e02194,B,aquaria,181,34,NA,sample,18_2023,D11,3.761,A,2023,2,1,NA,NA,NA,NA,NA
e02175_B,e02175,B,aquaria,430,T,NA,field_blank,18_2023,H8,0.582,A,2023,3,8,NA,NA,NA,NA,NA
e02196_B,e02196,B,aquaria,NA,NA,NA,extraction_blank,18_2023,F11,0.212,A,NA,NA,NA,NA,NA,NA,NA,NA
e02177_B,e02177,B,aquaria,284,59,NA,sample,18_2023,B9,1.307,A,2023,3,8,NA,NA,NA,NA,NA
e02197_B,e02197,B,aquaria,366,7,NA,sample,18_2023,G11,13.484,A,2023,2,1,NA,NA,NA,NA,NA
e02190_B,e02190,B,aquaria,35,34,NA,sample,18_2023,H10,2.571,A,2023,2,1,NA,NA,NA,NA,NA
e02179_B,e02179,B,aquaria,NA,NA,NA,extraction_blank,18_2023,E9,0.215,A,NA,NA,NA,NA,NA,NA,NA,NA
e02180_B,e02180,B,aquaria,178,59,NA,sample,18_2023,F9,1.305,A,2023,3,8,NA,NA,NA,NA,NA
e02188_B,e02188,B,aquaria,443,7,NA,sample,18_2023,F10,9.239,A,2023,2,1,NA,NA,NA,NA,NA
e02182_B,e02182,B,aquaria,406,76,NA,sample,18_2023,H9,31.5,A,2023,3,14,NA,NA,NA,NA,NA
e02186_B,e02186,B,aquaria,199,7,NA,sample,18_2023,D10,7.481,A,2023,2,1,NA,NA,NA,NA,NA
e02184_B,e02184,B,aquaria,154,76,NA,sample,18_2023,B10,31.5,A,2023,3,14,NA,NA,NA,NA,NA
NC2_B,NC,B,aquaria,NA,NA,NA,PCR_blank,NA,F6,0.229,A,NA,NA,NA,NA,NA,NA,NA,NA
atlcod_B,atlcod,B,aquaria,NA,NA,NA,positive,NA,G6,0.235,A,NA,NA,NA,NA,NA,NA,NA,NA
safcod1_B,safcod1,B,aquaria,NA,NA,NA,positive,NA,H6,0.22,A,NA,NA,NA,NA,NA,NA,NA,NA
e02112_C,e02112,C,aquaria,59,40,NA,sample,18_2023,A1,5.155,A,2023,3,24,NA,NA,NA,NA,NA
e02205_C,e02205,C,aquaria,384,87,NA,sample,19_2023,A1,2.504,A,2023,2,1,NA,NA,NA,NA,NA
e02114_C,e02114,C,aquaria,423,47,NA,sample,18_2023,C1,2.241,A,2023,3,31,NA,NA,NA,NA,NA
e02207_C,e02207,C,aquaria,429,98,NA,sample,19_2023,C1,4.283,A,2023,1,23,NA,NA,NA,NA,NA
e02116_C,e02116,C,aquaria,299,55,NA,sample,18_2023,E1,2.473,A,2023,3,31,NA,NA,NA,NA,NA
e02209_C,e02209,C,aquaria,332,98,NA,sample,19_2023,E1,2.621,A,2023,1,23,NA,NA,NA,NA,NA
e02118_C,e02118,C,aquaria,224,55,NA,sample,18_2023,G1,2.393,A,2023,3,31,NA,NA,NA,NA,NA
e02211_C,e02211,C,aquaria,300,87,NA,sample,19_2023,G1,3.158,A,2023,2,1,NA,NA,NA,NA,NA
e02120_C,e02120,C,aquaria,413,11,NA,sample,18_2023,A2,2.327,A,2023,3,27,NA,NA,NA,NA,NA
e02213_C,e02213,C,aquaria,NA,NA,NA,extraction_blank,19_2023,A2,0.28,A,NA,NA,NA,NA,NA,NA,NA,NA
e02122_C,e02122,C,aquaria,213,40,NA,sample,18_2023,C2,5.449,A,2023,3,24,NA,NA,NA,NA,NA
e02214_C,e02214,C,aquaria,241,T,NA,field_blank,19_2023,B2,0.51,A,2023,2,1,NA,NA,NA,NA,NA
e02124_C,e02124,C,aquaria,220,40,NA,sample,18_2023,E2,4.737,A,2023,3,24,NA,NA,NA,NA,NA
e02216_C,e02216,C,aquaria,133,87,NA,sample,19_2023,D2,1.946,A,2023,2,1,NA,NA,NA,NA,NA
e02126_C,e02126,C,aquaria,273,47,NA,sample,18_2023,G2,1.982,A,2023,3,31,NA,NA,NA,NA,NA
e02218_C,e02218,C,aquaria,314,98,NA,sample,19_2023,F2,5.769,A,2023,1,23,NA,NA,NA,NA,NA
e02128_C,e02128,C,aquaria,NA,NA,NA,extraction_blank,18_2023,A3,0.218,A,NA,NA,NA,NA,NA,NA,NA,NA
e02129_C,e02129,C,aquaria,275,47,NA,sample,18_2023,B3,2.249,A,2023,3,31,NA,NA,NA,NA,NA
e02220_C,e02220,C,aquaria,79,72,NA,sample,19_2023,H2,12.923,A,2023,1,23,NA,NA,NA,NA,NA
e02131_C,e02131,C,aquaria,495,11,NA,sample,18_2023,D3,3.517,A,2023,3,27,NA,NA,NA,NA,NA
e02222_C,e02222,C,aquaria,94,72,NA,sample,19_2023,B3,11.216,A,2023,1,23,NA,NA,NA,NA,NA
e02133_C,e02133,C,aquaria,141,86,NA,sample,18_2023,F3,3.295,A,2023,3,17,NA,NA,NA,NA,NA
e02224_C,e02224,C,aquaria,10,72,NA,sample,19_2023,D3,12.142,A,2023,1,23,NA,NA,NA,NA,NA
e02135_C,e02135,C,aquaria,194,T,NA,field_blank,18_2023,H3,0.68,A,2023,3,24,NA,NA,NA,NA,NA
e02226_C,e02226,C,aquaria,340,32,NA,sample,19_2023,F3,31.5,A,2023,1,23,NA,NA,NA,NA,NA
e02137_C,e02137,C,aquaria,118,T,NA,field_blank,18_2023,B4,0.477,A,2023,3,27,NA,NA,NA,NA,NA
e02228_C,e02228,C,aquaria,124,24,NA,sample,19_2023,H3,2.532,A,2023,1,23,NA,NA,NA,NA,NA
e02139_C,e02139,C,aquaria,377,11,NA,sample,18_2023,D4,3.169,A,2023,3,27,NA,NA,NA,NA,NA
e02230_C,e02230,C,aquaria,NA,NA,NA,extraction_blank,19_2023,B4,0.251,A,NA,NA,NA,NA,NA,NA,NA,NA
e02141_C,e02141,C,aquaria,491,17,NA,sample,18_2023,F4,2.525,A,2023,3,20,NA,NA,NA,NA,NA
e02231_C,e02231,C,aquaria,379,24,NA,sample,19_2023,C4,3.014,A,2023,1,23,NA,NA,NA,NA,NA
e02143_C,e02143,C,aquaria,62,3,NA,sample,18_2023,H4,1.928,A,2023,3,8,NA,NA,NA,NA,NA
e02233_C,e02233,C,aquaria,106,24,NA,sample,19_2023,E4,3.254,A,2023,1,23,NA,NA,NA,NA,NA
e02145_C,e02145,C,aquaria,NA,NA,NA,extraction_blank,18_2023,B5,0.226,A,NA,NA,NA,NA,NA,NA,NA,NA
e02146_C,e02146,C,aquaria,462,86,NA,sample,18_2023,C5,2.332,A,2023,3,17,NA,NA,NA,NA,NA
e02235_C,e02235,C,aquaria,351,32,NA,sample,19_2023,G4,29.854,A,2023,1,23,NA,NA,NA,NA,NA
e02148_C,e02148,C,aquaria,229,T,NA,field_blank,18_2023,E5,0.534,A,2023,3,20,NA,NA,NA,NA,NA
e02237_C,e02237,C,aquaria,313,32,NA,sample,19_2023,A5,31.5,A,2023,1,23,NA,NA,NA,NA,NA
e02150_C,e02150,C,aquaria,481,17,NA,sample,18_2023,G5,2.369,A,2023,3,20,NA,NA,NA,NA,NA
e02239_C,e02239,C,aquaria,395,T,NA,field_blank,19_2023,C5,0.769,A,2023,1,23,NA,NA,NA,NA,NA
e02152_C,e02152,C,aquaria,408,17,NA,sample,18_2023,A6,3.061,A,2023,3,20,NA,NA,NA,NA,NA
e02241_C,e02241,C,aquaria,212,43,NA,sample,19_2023,E5,7.709,A,2022,12,6,NA,NA,NA,NA,NA
e02154_C,e02154,C,aquaria,226,3,NA,sample,18_2023,C6,1.949,A,2023,3,8,NA,NA,NA,NA,NA
e02243_C,e02243,C,aquaria,301,43,NA,sample,19_2023,G5,6.708,A,2022,12,6,NA,NA,NA,NA,NA
e02156_C,e02156,C,aquaria,370,86,NA,sample,18_2023,E6,2.33,A,2023,3,17,NA,NA,NA,NA,NA
e02245_C,e02245,C,aquaria,72,43,NA,sample,19_2023,A6,5.117,A,2022,12,6,NA,NA,NA,NA,NA
e02158_C,e02158,C,aquaria,391,41,NA,sample,18_2023,G6,4.61,A,2023,3,17,NA,NA,NA,NA,NA
NC1_C,NC1,C,aquaria,NA,NA,NA,PCR_blank,NA,H6,0.217,A,NA,NA,NA,NA,NA,NA,NA,NA
e02247_C,e02247,C,aquaria,NA,NA,NA,extraction_blank,19_2023,C6,0.235,A,NA,NA,NA,NA,NA,NA,NA,NA
e02160_C,e02160,C,aquaria,417,41,NA,sample,18_2023,B7,5.474,A,2023,3,17,NA,NA,NA,NA,NA
e02248_C,e02248,C,aquaria,107,T,NA,field_blank,19_2023,D6,0.673,A,2022,12,6,NA,NA,NA,NA,NA
e02162_C,e02162,C,aquaria,NA,NA,NA,extraction_blank,18_2023,D7,0.212,A,NA,NA,NA,NA,NA,NA,NA,NA
e02163_C,e02163,C,aquaria,358,41,NA,sample,18_2023,E7,5.78,A,2023,3,17,NA,NA,NA,NA,NA
e02199_C,e02199,C,aquaria,89,67,NA,sample,18_2023,A12,10.594,A,2023,2,1,NA,NA,NA,NA,NA
e02165_C,e02165,C,aquaria,385,59,NA,sample,18_2023,G7,1.297,A,2023,3,8,NA,NA,NA,NA,NA
e02201_C,e02201,C,aquaria,388,67,NA,sample,18_2023,C12,16.945,A,2023,2,1,NA,NA,NA,NA,NA
e02167_C,e02167,C,aquaria,404,3,NA,sample,18_2023,A8,1.878,A,2023,3,8,NA,NA,NA,NA,NA
e02203_C,e02203,C,aquaria,368,67,NA,sample,18_2023,E12,20.698,A,2023,2,1,NA,NA,NA,NA,NA
e02169_C,e02169,C,aquaria,52,T,NA,field_blank,18_2023,C8,0.506,A,2023,3,17,NA,NA,NA,NA,NA
e02192_C,e02192,C,aquaria,420,34,NA,sample,18_2023,B11,2.311,A,2023,2,1,NA,NA,NA,NA,NA
e02171_C,e02171,C,aquaria,452,T,NA,field_blank,18_2023,E8,0.754,A,2023,3,14,NA,NA,NA,NA,NA
e02173_C,e02173,C,aquaria,500,76,NA,sample,18_2023,F8,31.5,A,2023,3,14,NA,NA,NA,NA,NA
e02194_C,e02194,C,aquaria,181,34,NA,sample,18_2023,D11,3.761,A,2023,2,1,NA,NA,NA,NA,NA
e02175_C,e02175,C,aquaria,430,T,NA,field_blank,18_2023,H8,0.582,A,2023,3,8,NA,NA,NA,NA,NA
e02196_C,e02196,C,aquaria,NA,NA,NA,extraction_blank,18_2023,F11,0.212,A,NA,NA,NA,NA,NA,NA,NA,NA
e02177_C,e02177,C,aquaria,284,59,NA,sample,18_2023,B9,1.307,A,2023,3,8,NA,NA,NA,NA,NA
e02197_C,e02197,C,aquaria,366,7,NA,sample,18_2023,G11,13.484,A,2023,2,1,NA,NA,NA,NA,NA
e02190_C,e02190,C,aquaria,35,34,NA,sample,18_2023,H10,2.571,A,2023,2,1,NA,NA,NA,NA,NA
e02179_C,e02179,C,aquaria,NA,NA,NA,extraction_blank,18_2023,E9,0.215,A,NA,NA,NA,NA,NA,NA,NA,NA
e02180_C,e02180,C,aquaria,178,59,NA,sample,18_2023,F9,1.305,A,2023,3,8,NA,NA,NA,NA,NA
e02188_C,e02188,C,aquaria,443,7,NA,sample,18_2023,F10,9.239,A,2023,2,1,NA,NA,NA,NA,NA
e02182_C,e02182,C,aquaria,406,76,NA,sample,18_2023,H9,31.5,A,2023,3,14,NA,NA,NA,NA,NA
e02186_C,e02186,C,aquaria,199,7,NA,sample,18_2023,D10,7.481,A,2023,2,1,NA,NA,NA,NA,NA
e02184_C,e02184,C,aquaria,154,76,NA,sample,18_2023,B10,31.5,A,2023,3,14,NA,NA,NA,NA,NA
NC2_C,NC2,C,aquaria,NA,NA,NA,PCR_blank,NA,F6,0.229,A,NA,NA,NA,NA,NA,NA,NA,NA
atlcod_C,atlcod,C,aquaria,NA,NA,NA,positive,NA,G6,0.235,A,NA,NA,NA,NA,NA,NA,NA,NA
safcod1_C,safcod1,C,aquaria,NA,NA,NA,positive,NA,H6,0.22,A,NA,NA,NA,NA,NA,NA,NA,NA
e02356_A,e02356,A,aquaria,294,T,NA,field_blank,24_2023,A1,0.402,A,2023,3,31,NA,NA,NA,NA,NA
e02357_A,e02357,A,aquaria,70,65,NA,sample,24_2023,B1,4.165,A,2023,4,3,NA,NA,NA,NA,NA
e02358_A,e02358,A,aquaria,269,65,NA,sample,24_2023,C1,6.064,A,2023,4,3,NA,NA,NA,NA,NA
e02359_A,e02359,A,aquaria,244,T,NA,field_blank,24_2023,D1,0.371,A,2023,4,3,NA,NA,NA,NA,NA
e02360_A,e02360,A,aquaria,328,T,NA,field_blank,24_2023,E1,0.314,A,2023,4,7,NA,NA,NA,NA,NA
e02361_A,e02361,A,aquaria,214,65,NA,sample,24_2023,F1,6.167,A,2023,4,3,NA,NA,NA,NA,NA
e02362_A,e02362,A,aquaria,435,2,NA,sample,24_2023,G1,4.751,A,2023,4,7,NA,NA,NA,NA,NA
e02363_A,e02363,A,aquaria,393,2,NA,sample,24_2023,H1,4.324,A,2023,4,7,NA,NA,NA,NA,NA
e02364_A,e02364,A,aquaria,34,45,NA,sample,24_2023,A2,3.823,A,2023,4,10,NA,NA,NA,NA,NA
e02365_A,e02365,A,aquaria,350,45,NA,sample,24_2023,B2,3.224,A,2023,4,10,NA,NA,NA,NA,NA
e02366_A,e02366,A,aquaria,446,2,NA,sample,24_2023,C2,3.572,A,2023,4,7,NA,NA,NA,NA,NA
e02367_A,e02367,A,aquaria,457,T,NA,field_blank,24_2023,D2,0.385,A,2023,4,10,NA,NA,NA,NA,NA
e02368_A,e02368,A,aquaria,189,45,NA,sample,24_2023,E2,3.076,A,2023,4,10,NA,NA,NA,NA,NA
e02369_A,e02369,A,aquaria,15,T,NA,field_blank,24_2023,F2,0.311,A,2023,4,14,NA,NA,NA,NA,NA
e02370_A,e02370,A,aquaria,81,39,NA,sample,24_2023,G2,3.833,A,2023,4,14,NA,NA,NA,NA,NA
e02371_A,e02371,A,aquaria,NA,NA,NA,extraction_blank,24_2023,H2,0.148,A,NA,NA,NA,NA,NA,NA,NA,NA
e02372_A,e02372,A,aquaria,398,89,NA,sample,24_2023,A3,7.181,A,2023,4,14,NA,NA,NA,NA,NA
e02373_A,e02373,A,aquaria,312,89,NA,sample,24_2023,B3,6.506,A,2023,4,14,NA,NA,NA,NA,NA
e02374_A,e02374,A,aquaria,360,39,NA,sample,24_2023,C3,4.898,A,2023,4,14,NA,NA,NA,NA,NA
e02375_A,e02375,A,aquaria,8,39,NA,sample,24_2023,D3,4.626,A,2023,4,14,NA,NA,NA,NA,NA
e02376_A,e02376,A,aquaria,437,30,NA,sample,24_2023,E3,4.352,A,2023,4,17,NA,NA,NA,NA,NA
e02377_A,e02377,A,aquaria,485,58,NA,sample,24_2023,F3,2.772,A,2023,4,17,NA,NA,NA,NA,NA
e02378_A,e02378,A,aquaria,151,58,NA,sample,24_2023,G3,3.992,A,2023,4,17,NA,NA,NA,NA,NA
e02379_A,e02379,A,aquaria,86,58,NA,sample,24_2023,H3,3.235,A,2023,4,17,NA,NA,NA,NA,NA
e02380_A,e02380,A,aquaria,492,89,NA,sample,24_2023,A4,6.861,A,2023,4,14,NA,NA,NA,NA,NA
e02381_A,e02381,A,aquaria,466,60,NA,sample,24_2023,B4,4.124,A,2023,4,17,NA,NA,NA,NA,NA
e02382_A,e02382,A,aquaria,489,60,NA,sample,24_2023,C4,4.072,A,2023,4,17,NA,NA,NA,NA,NA
e02383_A,e02383,A,aquaria,219,60,NA,sample,24_2023,D4,3.319,A,2023,4,17,NA,NA,NA,NA,NA
e02384_A,e02384,A,aquaria,411,30,NA,sample,24_2023,E4,5.693,A,2023,4,17,NA,NA,NA,NA,NA
e02385_A,e02385,A,aquaria,270,30,NA,sample,24_2023,F4,0.175,A,2023,4,17,NA,NA,NA,NA,NA
e02386_A,e02386,A,aquaria,42,78,NA,sample,24_2023,G4,41.8,A,2023,7,25,NA,NA,NA,NA,NA
e02387_A,e02387,A,aquaria,NA,NA,NA,extraction_blank,24_2023,H4,0.144,A,NA,NA,NA,NA,NA,NA,NA,NA
e02388_A,e02388,A,aquaria,127,73,NA,sample,24_2023,A5,2.697,A,2023,4,21,NA,NA,NA,NA,NA
e02389_A,e02389,A,aquaria,490,73,NA,sample,24_2023,B5,3.116,A,2023,4,21,NA,NA,NA,NA,NA
e02390_A,e02390,A,aquaria,77,73,NA,sample,24_2023,C5,1.665,A,2023,4,21,NA,NA,NA,NA,NA
e02391_A,e02391,A,aquaria,131,92,NA,sample,24_2023,D5,2.486,A,2023,4,21,NA,NA,NA,NA,NA
e02392_A,e02392,A,aquaria,172,T,NA,field_blank,24_2023,E5,0.518,A,2023,7,25,NA,NA,NA,NA,NA
e02393_A,e02393,A,aquaria,456,T,NA,field_blank,24_2023,F5,0.317,A,2023,4,17,NA,NA,NA,NA,NA
e02394_A,e02394,A,aquaria,375,55,NA,sample,24_2023,G5,3.823,A,2023,3,31,NA,NA,NA,NA,NA
e02395_A,e02395,A,aquaria,55,T,NA,field_blank,24_2023,H5,0.251,A,2023,5,5,NA,NA,NA,NA,NA
e02396_A,e02396,A,aquaria,202,79,NA,sample,24_2023,A6,2.002,A,2023,5,8,NA,NA,NA,NA,NA
e02397_A,e02397,A,aquaria,281,79,NA,sample,24_2023,B6,2.833,A,2023,5,8,NA,NA,NA,NA,NA
e02398_A,e02398,A,aquaria,166,18,NA,sample,24_2023,C6,2.336,A,2023,5,8,NA,NA,NA,NA,NA
e02399_A,e02399,A,aquaria,69,T,NA,field_blank,24_2023,D6,0.234,A,2023,5,8,NA,NA,NA,NA,NA
e02400_A,e02400,A,aquaria,82,91,NA,sample,24_2023,E6,3.347,A,2023,5,12,NA,NA,NA,NA,NA
e02401_A,e02401,A,aquaria,16,91,NA,sample,24_2023,F6,2.781,A,2023,5,12,NA,NA,NA,NA,NA
e02402_A,e02402,A,aquaria,216,79,NA,sample,24_2023,G6,2.569,A,2023,5,8,NA,NA,NA,NA,NA
NC3_A,NC3,A,aquaria,NA,NA,NA,PCR_blank,NA,NA,NA,A,NA,NA,NA,NA,NA,NA,NA,NA
e02403_A,e02403,A,aquaria,NA,NA,NA,extraction_blank,24_2023,A7,0.15,A,NA,NA,NA,NA,NA,NA,NA,NA
e02404_A,e02404,A,aquaria,378,18,NA,sample,24_2023,B7,2.827,A,2023,5,8,NA,NA,NA,NA,NA
e02405_A,e02405,A,aquaria,336,18,NA,sample,24_2023,C7,2.6,A,2023,5,8,NA,NA,NA,NA,NA
e02406_A,e02406,A,aquaria,317,91,NA,sample,24_2023,D7,2.814,A,2023,5,12,NA,NA,NA,NA,NA
e02407_A,e02407,A,aquaria,376,71,NA,sample,24_2023,E7,3.226,A,2023,5,12,NA,NA,NA,NA,NA
e02408_A,e02408,A,aquaria,128,71,NA,sample,24_2023,F7,2.549,A,2023,5,12,NA,NA,NA,NA,NA
e02409_A,e02409,A,aquaria,282,71,NA,sample,24_2023,G7,2.704,A,2023,5,12,NA,NA,NA,NA,NA
e02410_A,e02410,A,aquaria,291,T,NA,field_blank,24_2023,H7,0.256,A,2023,5,12,NA,NA,NA,NA,NA
e02411_A,e02411,A,aquaria,84,42,NA,sample,24_2023,A8,3.162,A,2023,5,15,NA,NA,NA,NA,NA
e02412_A,e02412,A,aquaria,47,42,NA,sample,24_2023,B8,2.978,A,2023,5,15,NA,NA,NA,NA,NA
e02413_A,e02413,A,aquaria,31,42,NA,sample,24_2023,C8,3.832,A,2023,5,15,NA,NA,NA,NA,NA
e02414_A,e02414,A,aquaria,320,9,NA,sample,24_2023,D8,2.19,A,2023,5,15,NA,NA,NA,NA,NA
e02415_A,e02415,A,aquaria,280,9,NA,sample,24_2023,E8,3.836,A,2023,5,15,NA,NA,NA,NA,NA
e02416_A,e02416,A,aquaria,95,50,NA,sample,24_2023,F8,2.524,A,2023,5,17,NA,NA,NA,NA,NA
e02417_A,e02417,A,aquaria,17,50,NA,sample,24_2023,G8,2.454,A,2023,5,17,NA,NA,NA,NA,NA
e02418_A,e02418,A,aquaria,369,50,NA,sample,24_2023,H8,2.833,A,2023,5,17,NA,NA,NA,NA,NA
e02419_A,e02419,A,aquaria,NA,NA,NA,extraction_blank,24_2023,A9,0.144,A,NA,NA,NA,NA,NA,NA,NA,NA
e02420_A,e02420,A,aquaria,177,9,NA,sample,24_2023,B9,3.523,A,2023,5,15,NA,NA,NA,NA,NA
e02421_A,e02421,A,aquaria,188,T,NA,field_blank,24_2023,C9,0.3,A,2023,5,15,NA,NA,NA,NA,NA
e02422_A,e02422,A,aquaria,285,T,NA,field_blank,24_2023,D9,0.317,A,2023,5,17,NA,NA,NA,NA,NA
e02423_A,e02423,A,aquaria,61,94,NA,sample,24_2023,E9,3.368,A,2023,5,18,NA,NA,NA,NA,NA
e02424_A,e02424,A,aquaria,2,94,NA,sample,24_2023,F9,3.535,A,2023,5,18,NA,NA,NA,NA,NA
e02425_A,e02425,A,aquaria,168,94,NA,sample,24_2023,G9,3.755,A,2023,5,18,NA,NA,NA,NA,NA
e02426_A,e02426,A,aquaria,245,T,NA,field_blank,24_2023,H9,0.378,A,2023,5,18,NA,NA,NA,NA,NA
e02427_A,e02427,A,aquaria,153,51,NA,sample,24_2023,A10,3.157,A,2023,5,19,NA,NA,NA,NA,NA
e02428_A,e02428,A,aquaria,57,51,NA,sample,24_2023,B10,3.211,A,2023,5,19,NA,NA,NA,NA,NA
e02429_A,e02429,A,aquaria,25,51,NA,sample,24_2023,C10,2.172,A,2023,5,19,NA,NA,NA,NA,NA
e02430_A,e02430,A,aquaria,247,38,NA,sample,24_2023,D10,3.225,A,2023,5,19,NA,NA,NA,NA,NA
e02431_A,e02431,A,aquaria,240,38,NA,sample,24_2023,E10,3.014,A,2023,5,19,NA,NA,NA,NA,NA
e02432_A,e02432,A,aquaria,175,T,NA,field_blank,24_2023,F10,0.315,A,2023,4,21,NA,NA,NA,NA,NA
e02433_A,e02433,A,aquaria,405,92,NA,sample,24_2023,G10,2.727,A,2023,4,21,NA,NA,NA,NA,NA
e02434_A,e02434,A,aquaria,105,92,NA,sample,24_2023,H10,3.323,A,2023,4,21,NA,NA,NA,NA,NA
e02435_A,e02435,A,aquaria,NA,NA,NA,extraction_blank,24_2023,A11,0.153,A,NA,NA,NA,NA,NA,NA,NA,NA
e02436_A,e02436,A,aquaria,171,10,NA,sample,24_2023,B11,2.228,A,2023,4,24,NA,NA,NA,NA,NA
e02437_A,e02437,A,aquaria,335,10,NA,sample,24_2023,C11,1.968,A,2023,4,24,NA,NA,NA,NA,NA
e02438_A,e02438,A,aquaria,475,10,NA,sample,24_2023,D11,2.015,A,2023,4,24,NA,NA,NA,NA,NA
e02439_A,e02439,A,aquaria,56,64,NA,sample,24_2023,E11,3.316,A,2023,4,24,NA,NA,NA,NA,NA
e02440_A,e02440,A,aquaria,195,64,NA,sample,24_2023,F11,3.131,A,2023,4,24,NA,NA,NA,NA,NA
e02441_A,e02441,A,aquaria,287,64,NA,sample,24_2023,G11,3.38,A,2023,4,24,NA,NA,NA,NA,NA
e02442_A,e02442,A,aquaria,176,T,NA,field_blank,24_2023,H11,0.249,A,2023,4,24,NA,NA,NA,NA,NA
e02443_A,e02443,A,aquaria,357,97,NA,sample,24_2023,A12,1.981,A,2023,4,28,NA,NA,NA,NA,NA
e02444_A,e02444,A,aquaria,246,97,NA,sample,24_2023,B12,2.22,A,2023,4,28,NA,NA,NA,NA,NA
e02445_A,e02445,A,aquaria,387,97,NA,sample,24_2023,C12,2.923,A,2023,4,28,NA,NA,NA,NA,NA
e02446_A,e02446,A,aquaria,386,93,NA,sample,24_2023,D12,4.272,A,2023,4,28,NA,NA,NA,NA,NA
e02447_A,e02447,A,aquaria,238,93,NA,sample,24_2023,E12,6.666,A,2023,4,28,NA,NA,NA,NA,NA
e02448_A,e02448,A,aquaria,54,93,NA,sample,24_2023,F12,6.052,A,2023,4,28,NA,NA,NA,NA,NA
NC4_A,NC4,A,aquaria,NA,NA,NA,PCR_blank,NA,NA,NA,A,NA,NA,NA,NA,NA,NA,NA,NA
safcod2_A,safcod2,A,aquaria,NA,NA,NA,positive,NA,NA,NA,A,NA,NA,NA,NA,NA,NA,NA,NA
e02356_B,e02356,B,aquaria,294,T,NA,field_blank,24_2023,A1,0.402,A,2023,3,31,NA,NA,NA,NA,NA
e02357_B,e02357,B,aquaria,70,65,NA,sample,24_2023,B1,4.165,A,2023,4,3,NA,NA,NA,NA,NA
e02358_B,e02358,B,aquaria,269,65,NA,sample,24_2023,C1,6.064,A,2023,4,3,NA,NA,NA,NA,NA
e02359_B,e02359,B,aquaria,244,T,NA,field_blank,24_2023,D1,0.371,A,2023,4,3,NA,NA,NA,NA,NA
e02360_B,e02360,B,aquaria,328,T,NA,field_blank,24_2023,E1,0.314,A,2023,4,7,NA,NA,NA,NA,NA
e02361_B,e02361,B,aquaria,214,65,NA,sample,24_2023,F1,6.167,A,2023,4,3,NA,NA,NA,NA,NA
e02362_B,e02362,B,aquaria,435,2,NA,sample,24_2023,G1,4.751,A,2023,4,7,NA,NA,NA,NA,NA
e02363_B,e02363,B,aquaria,393,2,NA,sample,24_2023,H1,4.324,A,2023,4,7,NA,NA,NA,NA,NA
e02364_B,e02364,B,aquaria,34,45,NA,sample,24_2023,A2,3.823,A,2023,4,10,NA,NA,NA,NA,NA
e02365_B,e02365,B,aquaria,350,45,NA,sample,24_2023,B2,3.224,A,2023,4,10,NA,NA,NA,NA,NA
e02366_B,e02366,B,aquaria,446,2,NA,sample,24_2023,C2,3.572,A,2023,4,7,NA,NA,NA,NA,NA
e02367_B,e02367,B,aquaria,457,T,NA,field_blank,24_2023,D2,0.385,A,2023,4,10,NA,NA,NA,NA,NA
e02368_B,e02368,B,aquaria,189,45,NA,sample,24_2023,E2,3.076,A,2023,4,10,NA,NA,NA,NA,NA
e02369_B,e02369,B,aquaria,15,T,NA,field_blank,24_2023,F2,0.311,A,2023,4,14,NA,NA,NA,NA,NA
e02370_B,e02370,B,aquaria,81,39,NA,sample,24_2023,G2,3.833,A,2023,4,14,NA,NA,NA,NA,NA
e02371_B,e02371,B,aquaria,NA,NA,NA,extraction_blank,24_2023,H2,0.148,A,NA,NA,NA,NA,NA,NA,NA,NA
e02372_B,e02372,B,aquaria,398,89,NA,sample,24_2023,A3,7.181,A,2023,4,14,NA,NA,NA,NA,NA
e02373_B,e02373,B,aquaria,312,89,NA,sample,24_2023,B3,6.506,A,2023,4,14,NA,NA,NA,NA,NA
e02374_B,e02374,B,aquaria,360,39,NA,sample,24_2023,C3,4.898,A,2023,4,14,NA,NA,NA,NA,NA
e02375_B,e02375,B,aquaria,8,39,NA,sample,24_2023,D3,4.626,A,2023,4,14,NA,NA,NA,NA,NA
e02376_B,e02376,B,aquaria,437,30,NA,sample,24_2023,E3,4.352,A,2023,4,17,NA,NA,NA,NA,NA
e02377_B,e02377,B,aquaria,485,58,NA,sample,24_2023,F3,2.772,A,2023,4,17,NA,NA,NA,NA,NA
e02378_B,e02378,B,aquaria,151,58,NA,sample,24_2023,G3,3.992,A,2023,4,17,NA,NA,NA,NA,NA
e02379_B,e02379,B,aquaria,86,58,NA,sample,24_2023,H3,3.235,A,2023,4,17,NA,NA,NA,NA,NA
e02380_B,e02380,B,aquaria,492,89,NA,sample,24_2023,A4,6.861,A,2023,4,14,NA,NA,NA,NA,NA
e02381_B,e02381,B,aquaria,466,60,NA,sample,24_2023,B4,4.124,A,2023,4,17,NA,NA,NA,NA,NA
e02382_B,e02382,B,aquaria,489,60,NA,sample,24_2023,C4,4.072,A,2023,4,17,NA,NA,NA,NA,NA
e02383_B,e02383,B,aquaria,219,60,NA,sample,24_2023,D4,3.319,A,2023,4,17,NA,NA,NA,NA,NA
e02384_B,e02384,B,aquaria,411,30,NA,sample,24_2023,E4,5.693,A,2023,4,17,NA,NA,NA,NA,NA
e02385_B,e02385,B,aquaria,270,30,NA,sample,24_2023,F4,0.175,A,2023,4,17,NA,NA,NA,NA,NA
e02386_B,e02386,B,aquaria,42,78,NA,sample,24_2023,G4,41.8,A,2023,7,25,NA,NA,NA,NA,NA
e02387_B,e02387,B,aquaria,NA,NA,NA,extraction_blank,24_2023,H4,0.144,A,NA,NA,NA,NA,NA,NA,NA,NA
e02388_B,e02388,B,aquaria,127,73,NA,sample,24_2023,A5,2.697,A,2023,4,21,NA,NA,NA,NA,NA
e02389_B,e02389,B,aquaria,490,73,NA,sample,24_2023,B5,3.116,A,2023,4,21,NA,NA,NA,NA,NA
e02390_B,e02390,B,aquaria,77,73,NA,sample,24_2023,C5,1.665,A,2023,4,21,NA,NA,NA,NA,NA
e02391_B,e02391,B,aquaria,131,92,NA,sample,24_2023,D5,2.486,A,2023,4,21,NA,NA,NA,NA,NA
e02392_B,e02392,B,aquaria,172,T,NA,field_blank,24_2023,E5,0.518,A,2023,7,25,NA,NA,NA,NA,NA
e02393_B,e02393,B,aquaria,456,T,NA,field_blank,24_2023,F5,0.317,A,2023,4,17,NA,NA,NA,NA,NA
e02394_B,e02394,B,aquaria,375,55,NA,sample,24_2023,G5,3.823,A,2023,3,31,NA,NA,NA,NA,NA
e02395_B,e02395,B,aquaria,55,T,NA,field_blank,24_2023,H5,0.251,A,2023,5,5,NA,NA,NA,NA,NA
e02396_B,e02396,B,aquaria,202,79,NA,sample,24_2023,A6,2.002,A,2023,5,8,NA,NA,NA,NA,NA
e02397_B,e02397,B,aquaria,281,79,NA,sample,24_2023,B6,2.833,A,2023,5,8,NA,NA,NA,NA,NA
e02398_B,e02398,B,aquaria,166,18,NA,sample,24_2023,C6,2.336,A,2023,5,8,NA,NA,NA,NA,NA
e02399_B,e02399,B,aquaria,69,T,NA,field_blank,24_2023,D6,0.234,A,2023,5,8,NA,NA,NA,NA,NA
e02400_B,e02400,B,aquaria,82,91,NA,sample,24_2023,E6,3.347,A,2023,5,12,NA,NA,NA,NA,NA
e02401_B,e02401,B,aquaria,16,91,NA,sample,24_2023,F6,2.781,A,2023,5,12,NA,NA,NA,NA,NA
e02402_B,e02402,B,aquaria,216,79,NA,sample,24_2023,G6,2.569,A,2023,5,8,NA,NA,NA,NA,NA
NC3_B,NC3,B,aquaria,NA,NA,NA,PCR_blank,NA,NA,NA,A,NA,NA,NA,NA,NA,NA,NA,NA
e02403_B,e02403,B,aquaria,NA,NA,NA,extraction_blank,24_2023,A7,0.15,A,NA,NA,NA,NA,NA,NA,NA,NA
e02404_B,e02404,B,aquaria,378,18,NA,sample,24_2023,B7,2.827,A,2023,5,8,NA,NA,NA,NA,NA
e02405_B,e02405,B,aquaria,336,18,NA,sample,24_2023,C7,2.6,A,2023,5,8,NA,NA,NA,NA,NA
e02406_B,e02406,B,aquaria,317,91,NA,sample,24_2023,D7,2.814,A,2023,5,12,NA,NA,NA,NA,NA
e02407_B,e02407,B,aquaria,376,71,NA,sample,24_2023,E7,3.226,A,2023,5,12,NA,NA,NA,NA,NA
e02408_B,e02408,B,aquaria,128,71,NA,sample,24_2023,F7,2.549,A,2023,5,12,NA,NA,NA,NA,NA
e02409_B,e02409,B,aquaria,282,71,NA,sample,24_2023,G7,2.704,A,2023,5,12,NA,NA,NA,NA,NA
e02410_B,e02410,B,aquaria,291,T,NA,field_blank,24_2023,H7,0.256,A,2023,5,12,NA,NA,NA,NA,NA
e02411_B,e02411,B,aquaria,84,42,NA,sample,24_2023,A8,3.162,A,2023,5,15,NA,NA,NA,NA,NA
e02412_B,e02412,B,aquaria,47,42,NA,sample,24_2023,B8,2.978,A,2023,5,15,NA,NA,NA,NA,NA
e02413_B,e02413,B,aquaria,31,42,NA,sample,24_2023,C8,3.832,A,2023,5,15,NA,NA,NA,NA,NA
e02414_B,e02414,B,aquaria,320,9,NA,sample,24_2023,D8,2.19,A,2023,5,15,NA,NA,NA,NA,NA
e02415_B,e02415,B,aquaria,280,9,NA,sample,24_2023,E8,3.836,A,2023,5,15,NA,NA,NA,NA,NA
e02416_B,e02416,B,aquaria,95,50,NA,sample,24_2023,F8,2.524,A,2023,5,17,NA,NA,NA,NA,NA
e02417_B,e02417,B,aquaria,17,50,NA,sample,24_2023,G8,2.454,A,2023,5,17,NA,NA,NA,NA,NA
e02418_B,e02418,B,aquaria,369,50,NA,sample,24_2023,H8,2.833,A,2023,5,17,NA,NA,NA,NA,NA
e02419_B,e02419,B,aquaria,NA,NA,NA,extraction_blank,24_2023,A9,0.144,A,NA,NA,NA,NA,NA,NA,NA,NA
e02420_B,e02420,B,aquaria,177,9,NA,sample,24_2023,B9,3.523,A,2023,5,15,NA,NA,NA,NA,NA
e02421_B,e02421,B,aquaria,188,T,NA,field_blank,24_2023,C9,0.3,A,2023,5,15,NA,NA,NA,NA,NA
e02422_B,e02422,B,aquaria,285,T,NA,field_blank,24_2023,D9,0.317,A,2023,5,17,NA,NA,NA,NA,NA
e02423_B,e02423,B,aquaria,61,94,NA,sample,24_2023,E9,3.368,A,2023,5,18,NA,NA,NA,NA,NA
e02424_B,e02424,B,aquaria,2,94,NA,sample,24_2023,F9,3.535,A,2023,5,18,NA,NA,NA,NA,NA
e02425_B,e02425,B,aquaria,168,94,NA,sample,24_2023,G9,3.755,A,2023,5,18,NA,NA,NA,NA,NA
e02426_B,e02426,B,aquaria,245,T,NA,field_blank,24_2023,H9,0.378,A,2023,5,18,NA,NA,NA,NA,NA
e02427_B,e02427,B,aquaria,153,51,NA,sample,24_2023,A10,3.157,A,2023,5,19,NA,NA,NA,NA,NA
e02428_B,e02428,B,aquaria,57,51,NA,sample,24_2023,B10,3.211,A,2023,5,19,NA,NA,NA,NA,NA
e02429_B,e02429,B,aquaria,25,51,NA,sample,24_2023,C10,2.172,A,2023,5,19,NA,NA,NA,NA,NA
e02430_B,e02430,B,aquaria,247,38,NA,sample,24_2023,D10,3.225,A,2023,5,19,NA,NA,NA,NA,NA
e02431_B,e02431,B,aquaria,240,38,NA,sample,24_2023,E10,3.014,A,2023,5,19,NA,NA,NA,NA,NA
e02432_B,e02432,B,aquaria,175,T,NA,field_blank,24_2023,F10,0.315,A,2023,4,21,NA,NA,NA,NA,NA
e02433_B,e02433,B,aquaria,405,92,NA,sample,24_2023,G10,2.727,A,2023,4,21,NA,NA,NA,NA,NA
e02434_B,e02434,B,aquaria,105,92,NA,sample,24_2023,H10,3.323,A,2023,4,21,NA,NA,NA,NA,NA
e02435_B,e02435,B,aquaria,NA,NA,NA,extraction_blank,24_2023,A11,0.153,A,NA,NA,NA,NA,NA,NA,NA,NA
e02436_B,e02436,B,aquaria,171,10,NA,sample,24_2023,B11,2.228,A,2023,4,24,NA,NA,NA,NA,NA
e02437_B,e02437,B,aquaria,335,10,NA,sample,24_2023,C11,1.968,A,2023,4,24,NA,NA,NA,NA,NA
e02438_B,e02438,B,aquaria,475,10,NA,sample,24_2023,D11,2.015,A,2023,4,24,NA,NA,NA,NA,NA
e02439_B,e02439,B,aquaria,56,64,NA,sample,24_2023,E11,3.316,A,2023,4,24,NA,NA,NA,NA,NA
e02440_B,e02440,B,aquaria,195,64,NA,sample,24_2023,F11,3.131,A,2023,4,24,NA,NA,NA,NA,NA
e02441_B,e02441,B,aquaria,287,64,NA,sample,24_2023,G11,3.38,A,2023,4,24,NA,NA,NA,NA,NA
e02442_B,e02442,B,aquaria,176,T,NA,field_blank,24_2023,H11,0.249,A,2023,4,24,NA,NA,NA,NA,NA
e02443_B,e02443,B,aquaria,357,97,NA,sample,24_2023,A12,1.981,A,2023,4,28,NA,NA,NA,NA,NA
e02444_B,e02444,B,aquaria,246,97,NA,sample,24_2023,B12,2.22,A,2023,4,28,NA,NA,NA,NA,NA
e02445_B,e02445,B,aquaria,387,97,NA,sample,24_2023,C12,2.923,A,2023,4,28,NA,NA,NA,NA,NA
e02446_B,e02446,B,aquaria,386,93,NA,sample,24_2023,D12,4.272,A,2023,4,28,NA,NA,NA,NA,NA
e02447_B,e02447,B,aquaria,238,93,NA,sample,24_2023,E12,6.666,A,2023,4,28,NA,NA,NA,NA,NA
e02448_B,e02448,B,aquaria,54,93,NA,sample,24_2023,F12,6.052,A,2023,4,28,NA,NA,NA,NA,NA
NC4_B,NC4,B,aquaria,NA,NA,NA,PCR_blank,NA,NA,NA,A,NA,NA,NA,NA,NA,NA,NA,NA
safcod2_B,safcod2,B,aquaria,NA,NA,NA,positive,NA,NA,NA,A,NA,NA,NA,NA,NA,NA,NA,NA
e02356_C,e02356,C,aquaria,294,T,NA,field_blank,24_2023,A1,0.402,A,2023,3,31,NA,NA,NA,NA,NA
e02357_C,e02357,C,aquaria,70,65,NA,sample,24_2023,B1,4.165,A,2023,4,3,NA,NA,NA,NA,NA
e02358_C,e02358,C,aquaria,269,65,NA,sample,24_2023,C1,6.064,A,2023,4,3,NA,NA,NA,NA,NA
e02359_C,e02359,C,aquaria,244,T,NA,field_blank,24_2023,D1,0.371,A,2023,4,3,NA,NA,NA,NA,NA
e02360_C,e02360,C,aquaria,328,T,NA,field_blank,24_2023,E1,0.314,A,2023,4,7,NA,NA,NA,NA,NA
e02361_C,e02361,C,aquaria,214,65,NA,sample,24_2023,F1,6.167,A,2023,4,3,NA,NA,NA,NA,NA
e02362_C,e02362,C,aquaria,435,2,NA,sample,24_2023,G1,4.751,A,2023,4,7,NA,NA,NA,NA,NA
e02363_C,e02363,C,aquaria,393,2,NA,sample,24_2023,H1,4.324,A,2023,4,7,NA,NA,NA,NA,NA
e02364_C,e02364,C,aquaria,34,45,NA,sample,24_2023,A2,3.823,A,2023,4,10,NA,NA,NA,NA,NA
e02365_C,e02365,C,aquaria,350,45,NA,sample,24_2023,B2,3.224,A,2023,4,10,NA,NA,NA,NA,NA
e02366_C,e02366,C,aquaria,446,2,NA,sample,24_2023,C2,3.572,A,2023,4,7,NA,NA,NA,NA,NA
e02367_C,e02367,C,aquaria,457,T,NA,field_blank,24_2023,D2,0.385,A,2023,4,10,NA,NA,NA,NA,NA
e02368_C,e02368,C,aquaria,189,45,NA,sample,24_2023,E2,3.076,A,2023,4,10,NA,NA,NA,NA,NA
e02369_C,e02369,C,aquaria,15,T,NA,field_blank,24_2023,F2,0.311,A,2023,4,14,NA,NA,NA,NA,NA
e02370_C,e02370,C,aquaria,81,39,NA,sample,24_2023,G2,3.833,A,2023,4,14,NA,NA,NA,NA,NA
e02371_C,e02371,C,aquaria,NA,NA,NA,extraction_blank,24_2023,H2,0.148,A,NA,NA,NA,NA,NA,NA,NA,NA
e02372_C,e02372,C,aquaria,398,89,NA,sample,24_2023,A3,7.181,A,2023,4,14,NA,NA,NA,NA,NA
e02373_C,e02373,C,aquaria,312,89,NA,sample,24_2023,B3,6.506,A,2023,4,14,NA,NA,NA,NA,NA
e02374_C,e02374,C,aquaria,360,39,NA,sample,24_2023,C3,4.898,A,2023,4,14,NA,NA,NA,NA,NA
e02375_C,e02375,C,aquaria,8,39,NA,sample,24_2023,D3,4.626,A,2023,4,14,NA,NA,NA,NA,NA
e02376_C,e02376,C,aquaria,437,30,NA,sample,24_2023,E3,4.352,A,2023,4,17,NA,NA,NA,NA,NA
e02377_C,e02377,C,aquaria,485,58,NA,sample,24_2023,F3,2.772,A,2023,4,17,NA,NA,NA,NA,NA
e02378_C,e02378,C,aquaria,151,58,NA,sample,24_2023,G3,3.992,A,2023,4,17,NA,NA,NA,NA,NA
e02379_C,e02379,C,aquaria,86,58,NA,sample,24_2023,H3,3.235,A,2023,4,17,NA,NA,NA,NA,NA
e02380_C,e02380,C,aquaria,492,89,NA,sample,24_2023,A4,6.861,A,2023,4,14,NA,NA,NA,NA,NA
e02381_C,e02381,C,aquaria,466,60,NA,sample,24_2023,B4,4.124,A,2023,4,17,NA,NA,NA,NA,NA
e02382_C,e02382,C,aquaria,489,60,NA,sample,24_2023,C4,4.072,A,2023,4,17,NA,NA,NA,NA,NA
e02383_C,e02383,C,aquaria,219,60,NA,sample,24_2023,D4,3.319,A,2023,4,17,NA,NA,NA,NA,NA
e02384_C,e02384,C,aquaria,411,30,NA,sample,24_2023,E4,5.693,A,2023,4,17,NA,NA,NA,NA,NA
e02385_C,e02385,C,aquaria,270,30,NA,sample,24_2023,F4,0.175,A,2023,4,17,NA,NA,NA,NA,NA
e02386_C,e02386,C,aquaria,42,78,NA,sample,24_2023,G4,41.8,A,2023,7,25,NA,NA,NA,NA,NA
e02387_C,e02387,C,aquaria,NA,NA,NA,extraction_blank,24_2023,H4,0.144,A,NA,NA,NA,NA,NA,NA,NA,NA
e02388_C,e02388,C,aquaria,127,73,NA,sample,24_2023,A5,2.697,A,2023,4,21,NA,NA,NA,NA,NA
e02389_C,e02389,C,aquaria,490,73,NA,sample,24_2023,B5,3.116,A,2023,4,21,NA,NA,NA,NA,NA
e02390_C,e02390,C,aquaria,77,73,NA,sample,24_2023,C5,1.665,A,2023,4,21,NA,NA,NA,NA,NA
e02391_C,e02391,C,aquaria,131,92,NA,sample,24_2023,D5,2.486,A,2023,4,21,NA,NA,NA,NA,NA
e02392_C,e02392,C,aquaria,172,T,NA,field_blank,24_2023,E5,0.518,A,2023,7,25,NA,NA,NA,NA,NA
e02393_C,e02393,C,aquaria,456,T,NA,field_blank,24_2023,F5,0.317,A,2023,4,17,NA,NA,NA,NA,NA
e02394_C,e02394,C,aquaria,375,55,NA,sample,24_2023,G5,3.823,A,2023,3,31,NA,NA,NA,NA,NA
e02395_C,e02395,C,aquaria,55,T,NA,field_blank,24_2023,H5,0.251,A,2023,5,5,NA,NA,NA,NA,NA
e02396_C,e02396,C,aquaria,202,79,NA,sample,24_2023,A6,2.002,A,2023,5,8,NA,NA,NA,NA,NA
e02397_C,e02397,C,aquaria,281,79,NA,sample,24_2023,B6,2.833,A,2023,5,8,NA,NA,NA,NA,NA
e02398_C,e02398,C,aquaria,166,18,NA,sample,24_2023,C6,2.336,A,2023,5,8,NA,NA,NA,NA,NA
e02399_C,e02399,C,aquaria,69,T,NA,field_blank,24_2023,D6,0.234,A,2023,5,8,NA,NA,NA,NA,NA
e02400_C,e02400,C,aquaria,82,91,NA,sample,24_2023,E6,3.347,A,2023,5,12,NA,NA,NA,NA,NA
e02401_C,e02401,C,aquaria,16,91,NA,sample,24_2023,F6,2.781,A,2023,5,12,NA,NA,NA,NA,NA
e02402_C,e02402,C,aquaria,216,79,NA,sample,24_2023,G6,2.569,A,2023,5,8,NA,NA,NA,NA,NA
NC3_C,NC3,C,aquaria,NA,NA,NA,PCR_blank,NA,NA,NA,A,NA,NA,NA,NA,NA,NA,NA,NA
e02403_C,e02403,C,aquaria,NA,NA,NA,extraction_blank,24_2023,A7,0.15,A,NA,NA,NA,NA,NA,NA,NA,NA
e02404_C,e02404,C,aquaria,378,18,NA,sample,24_2023,B7,2.827,A,2023,5,8,NA,NA,NA,NA,NA
e02405_C,e02405,C,aquaria,336,18,NA,sample,24_2023,C7,2.6,A,2023,5,8,NA,NA,NA,NA,NA
e02406_C,e02406,C,aquaria,317,91,NA,sample,24_2023,D7,2.814,A,2023,5,12,NA,NA,NA,NA,NA
e02407_C,e02407,C,aquaria,376,71,NA,sample,24_2023,E7,3.226,A,2023,5,12,NA,NA,NA,NA,NA
e02408_C,e02408,C,aquaria,128,71,NA,sample,24_2023,F7,2.549,A,2023,5,12,NA,NA,NA,NA,NA
e02409_C,e02409,C,aquaria,282,71,NA,sample,24_2023,G7,2.704,A,2023,5,12,NA,NA,NA,NA,NA
e02410_C,e02410,C,aquaria,291,T,NA,field_blank,24_2023,H7,0.256,A,2023,5,12,NA,NA,NA,NA,NA
e02411_C,e02411,C,aquaria,84,42,NA,sample,24_2023,A8,3.162,A,2023,5,15,NA,NA,NA,NA,NA
e02412_C,e02412,C,aquaria,47,42,NA,sample,24_2023,B8,2.978,A,2023,5,15,NA,NA,NA,NA,NA
e02413_C,e02413,C,aquaria,31,42,NA,sample,24_2023,C8,3.832,A,2023,5,15,NA,NA,NA,NA,NA
e02414_C,e02414,C,aquaria,320,9,NA,sample,24_2023,D8,2.19,A,2023,5,15,NA,NA,NA,NA,NA
e02415_C,e02415,C,aquaria,280,9,NA,sample,24_2023,E8,3.836,A,2023,5,15,NA,NA,NA,NA,NA
e02416_C,e02416,C,aquaria,95,50,NA,sample,24_2023,F8,2.524,A,2023,5,17,NA,NA,NA,NA,NA
e02417_C,e02417,C,aquaria,17,50,NA,sample,24_2023,G8,2.454,A,2023,5,17,NA,NA,NA,NA,NA
e02418_C,e02418,C,aquaria,369,50,NA,sample,24_2023,H8,2.833,A,2023,5,17,NA,NA,NA,NA,NA
e02419_C,e02419,C,aquaria,NA,NA,NA,extraction_blank,24_2023,A9,0.144,A,NA,NA,NA,NA,NA,NA,NA,NA
e02420_C,e02420,C,aquaria,177,9,NA,sample,24_2023,B9,3.523,A,2023,5,15,NA,NA,NA,NA,NA
e02421_C,e02421,C,aquaria,188,T,NA,field_blank,24_2023,C9,0.3,A,2023,5,15,NA,NA,NA,NA,NA
e02422_C,e02422,C,aquaria,285,T,NA,field_blank,24_2023,D9,0.317,A,2023,5,17,NA,NA,NA,NA,NA
e02423_C,e02423,C,aquaria,61,94,NA,sample,24_2023,E9,3.368,A,2023,5,18,NA,NA,NA,NA,NA
e02424_C,e02424,C,aquaria,2,94,NA,sample,24_2023,F9,3.535,A,2023,5,18,NA,NA,NA,NA,NA
e02425_C,e02425,C,aquaria,168,94,NA,sample,24_2023,G9,3.755,A,2023,5,18,NA,NA,NA,NA,NA
e02426_C,e02426,C,aquaria,245,T,NA,field_blank,24_2023,H9,0.378,A,2023,5,18,NA,NA,NA,NA,NA
e02427_C,e02427,C,aquaria,153,51,NA,sample,24_2023,A10,3.157,A,2023,5,19,NA,NA,NA,NA,NA
e02428_C,e02428,C,aquaria,57,51,NA,sample,24_2023,B10,3.211,A,2023,5,19,NA,NA,NA,NA,NA
e02429_C,e02429,C,aquaria,25,51,NA,sample,24_2023,C10,2.172,A,2023,5,19,NA,NA,NA,NA,NA
e02430_C,e02430,C,aquaria,247,38,NA,sample,24_2023,D10,3.225,A,2023,5,19,NA,NA,NA,NA,NA
e02431_C,e02431,C,aquaria,240,38,NA,sample,24_2023,E10,3.014,A,2023,5,19,NA,NA,NA,NA,NA
e02432_C,e02432,C,aquaria,175,T,NA,field_blank,24_2023,F10,0.315,A,2023,4,21,NA,NA,NA,NA,NA
e02433_C,e02433,C,aquaria,405,92,NA,sample,24_2023,G10,2.727,A,2023,4,21,NA,NA,NA,NA,NA
e02434_C,e02434,C,aquaria,105,92,NA,sample,24_2023,H10,3.323,A,2023,4,21,NA,NA,NA,NA,NA
e02435_C,e02435,C,aquaria,NA,NA,NA,extraction_blank,24_2023,A11,0.153,A,NA,NA,NA,NA,NA,NA,NA,NA
e02436_C,e02436,C,aquaria,171,10,NA,sample,24_2023,B11,2.228,A,2023,4,24,NA,NA,NA,NA,NA
e02437_C,e02437,C,aquaria,335,10,NA,sample,24_2023,C11,1.968,A,2023,4,24,NA,NA,NA,NA,NA
e02438_C,e02438,C,aquaria,475,10,NA,sample,24_2023,D11,2.015,A,2023,4,24,NA,NA,NA,NA,NA
e02439_C,e02439,C,aquaria,56,64,NA,sample,24_2023,E11,3.316,A,2023,4,24,NA,NA,NA,NA,NA
e02440_C,e02440,C,aquaria,195,64,NA,sample,24_2023,F11,3.131,A,2023,4,24,NA,NA,NA,NA,NA
e02441_C,e02441,C,aquaria,287,64,NA,sample,24_2023,G11,3.38,A,2023,4,24,NA,NA,NA,NA,NA
e02442_C,e02442,C,aquaria,176,T,NA,field_blank,24_2023,H11,0.249,A,2023,4,24,NA,NA,NA,NA,NA
e02443_C,e02443,C,aquaria,357,97,NA,sample,24_2023,A12,1.981,A,2023,4,28,NA,NA,NA,NA,NA
e02444_C,e02444,C,aquaria,246,97,NA,sample,24_2023,B12,2.22,A,2023,4,28,NA,NA,NA,NA,NA
e02445_C,e02445,C,aquaria,387,97,NA,sample,24_2023,C12,2.923,A,2023,4,28,NA,NA,NA,NA,NA
e02446_C,e02446,C,aquaria,386,93,NA,sample,24_2023,D12,4.272,A,2023,4,28,NA,NA,NA,NA,NA
e02447_C,e02447,C,aquaria,238,93,NA,sample,24_2023,E12,6.666,A,2023,4,28,NA,NA,NA,NA,NA
e02448_C,e02448,C,aquaria,54,93,NA,sample,24_2023,F12,6.052,A,2023,4,28,NA,NA,NA,NA,NA
NC4_C,NC4,C,aquaria,NA,NA,NA,PCR_blank,NA,NA,NA,A,NA,NA,NA,NA,NA,NA,NA,NA
safcod2_C,safcod2,C,aquaria,NA,NA,NA,positive,NA,NA,NA,A,NA,NA,NA,NA,NA,NA,NA,NA
e02362_A,e02362,A,aquaria,435,2,NA,sample,24_2023,G1,4.751,B,2023,4,7,NA,NA,NA,NA,NA
e02363_A,e02363,A,aquaria,N,NA,NA,sample,24_2023,H1,4.324,B,2023,4,7,NA,NA,NA,NA,NA
e02366_A,e02366,A,aquaria,446,2,NA,sample,24_2023,C2,3.572,B,2023,4,7,NA,NA,NA,NA,NA
e02370_A,e02370,A,aquaria,81,39,NA,sample,24_2023,G2,3.833,B,2023,4,14,NA,NA,NA,NA,NA
e02372_A,e02372,A,aquaria,398,89,NA,sample,24_2023,A3,7.181,B,2023,4,14,NA,NA,NA,NA,NA
e02373_A,e02373,A,aquaria,312,89,NA,sample,24_2023,B3,6.506,B,2023,4,14,NA,NA,NA,NA,NA
e02374_A,e02374,A,aquaria,360,39,NA,sample,24_2023,C3,4.898,B,2023,4,14,NA,NA,NA,NA,NA
e02375_A,e02375,A,aquaria,8,39,NA,sample,24_2023,D3,4.626,B,2023,4,14,NA,NA,NA,NA,NA
e02380_A,e02380,A,aquaria,492,89,NA,sample,24_2023,A4,6.861,B,2023,4,14,NA,NA,NA,NA,NA
e02362_B,e02362,B,aquaria,435,2,NA,sample,24_2023,G1,4.751,B,2023,4,7,NA,NA,NA,NA,NA
e02363_B,e02363,B,aquaria,393,2,NA,sample,24_2023,H1,4.324,B,2023,4,7,NA,NA,NA,NA,NA
e02366_B,e02366,B,aquaria,446,2,NA,sample,24_2023,C2,3.572,B,2023,4,7,NA,NA,NA,NA,NA
e02370_B,e02370,B,aquaria,81,39,NA,sample,24_2023,G2,3.833,B,2023,4,14,NA,NA,NA,NA,NA
e02372_B,e02372,B,aquaria,398,89,NA,sample,24_2023,A3,7.181,B,2023,4,14,NA,NA,NA,NA,NA
e02373_B,e02373,B,aquaria,312,89,NA,sample,24_2023,B3,6.506,B,2023,4,14,NA,NA,NA,NA,NA
e02374_B,e02374,B,aquaria,360,39,NA,sample,24_2023,C3,4.898,B,2023,4,14,NA,NA,NA,NA,NA
e02375_B,e02375,B,aquaria,8,39,NA,sample,24_2023,D3,4.626,B,2023,4,14,NA,NA,NA,NA,NA
e02380_B,e02380,B,aquaria,492,89,NA,sample,24_2023,A4,6.861,B,2023,4,14,NA,NA,NA,NA,NA
e02362_C,e02362,C,aquaria,435,2,NA,sample,24_2023,G1,4.751,B,2023,4,7,NA,NA,NA,NA,NA
e02363_C,e02363,C,aquaria,393,2,NA,sample,24_2023,H1,4.324,B,2023,4,7,NA,NA,NA,NA,NA
e02366_C,e02366,C,aquaria,446,2,NA,sample,24_2023,C2,3.572,B,2023,4,7,NA,NA,NA,NA,NA
e02370_C,e02370,C,aquaria,81,39,NA,sample,24_2023,G2,3.833,B,2023,4,14,NA,NA,NA,NA,NA
e02372_C,e02372,C,aquaria,398,89,NA,sample,24_2023,A3,7.181,B,2023,4,14,NA,NA,NA,NA,NA
e02373_C,e02373,C,aquaria,312,89,NA,sample,24_2023,B3,6.506,B,2023,4,14,NA,NA,NA,NA,NA
e02374_C,e02374,C,aquaria,360,39,NA,sample,24_2023,C3,4.898,B,2023,4,14,NA,NA,NA,NA,NA
e02375_C,e02375,C,aquaria,8,39,NA,sample,24_2023,D3,4.626,B,2023,4,14,NA,NA,NA,NA,NA
e02380_C,e02380,C,aquaria,492,89,NA,sample,24_2023,A4,6.861,B,2023,4,14,NA,NA,NA,NA,NA
e02449_A,e02449,A,aquaria,494,T,NA,field_blank,25_2023,A1,0.296,B,2023,4,28,NA,NA,NA,NA,NA
e02450_A,e02450,A,aquaria,239,46,NA,sample,25_2023,B1,3.728,B,2023,5,1,NA,NA,NA,NA,NA
e02451_A,e02451,A,aquaria,NA,NA,NA,extraction_blank,25_2023,C1,0.15,B,NA,NA,NA,NA,NA,NA,NA,NA
e02452_A,e02452,A,aquaria,473,46,NA,sample,25_2023,D1,3.746,B,2023,5,1,NA,NA,NA,NA,NA
e02453_A,e02453,A,aquaria,45,46,NA,sample,25_2023,E1,4.111,B,2023,5,1,NA,NA,NA,NA,NA
e02454_A,e02454,A,aquaria,111,96,NA,sample,25_2023,F1,4.968,B,2023,5,1,NA,NA,NA,NA,NA
e02455_A,e02455,A,aquaria,440,96,NA,sample,25_2023,G1,4.966,B,2023,5,1,NA,NA,NA,NA,NA
e02456_A,e02456,A,aquaria,132,96,NA,sample,25_2023,H1,4.801,B,2023,5,1,NA,NA,NA,NA,NA
e02457_A,e02457,A,aquaria,396,T,NA,field_blank,25_2023,A2,0.212,B,2023,5,1,NA,NA,NA,NA,NA
e02458_A,e02458,A,aquaria,92,56,NA,sample,25_2023,B2,2.74,B,2023,5,5,NA,NA,NA,NA,NA
e02459_A,e02459,A,aquaria,449,49,NA,sample,25_2023,C2,3.303,B,2023,5,5,NA,NA,NA,NA,NA
e02460_A,e02460,A,aquaria,477,49,NA,sample,25_2023,D2,3.624,B,2023,5,5,NA,NA,NA,NA,NA
e02461_A,e02461,A,aquaria,319,49,NA,sample,25_2023,E2,2.803,B,2023,5,5,NA,NA,NA,NA,NA
e02462_A,e02462,A,aquaria,365,56,NA,sample,25_2023,F2,3.223,B,2023,5,5,NA,NA,NA,NA,NA
e02463_A,e02463,A,aquaria,322,56,NA,sample,25_2023,G2,2.102,B,2023,5,5,NA,NA,NA,NA,NA
e02464_A,e02464,A,aquaria,438,33,NA,sample,25_2023,H2,1.393,B,2023,5,26,NA,NA,NA,NA,NA
e02465_A,e02465,A,aquaria,432,T,NA,field_blank,25_2023,A3,0.27,B,2023,5,26,NA,NA,NA,NA,NA
e02466_A,e02466,A,aquaria,450,54,NA,sample,25_2023,B3,2.326,B,2023,5,22,NA,NA,NA,NA,NA
e02467_A,e02467,A,aquaria,NA,NA,NA,extraction_blank,25_2023,C3,0.148,B,NA,NA,NA,NA,NA,NA,NA,NA
e02468_A,e02468,A,aquaria,236,54,NA,sample,25_2023,D3,2.34,B,2023,5,22,NA,NA,NA,NA,NA
e02469_A,e02469,A,aquaria,274,T,NA,field_blank,25_2023,E3,0.203,B,2023,5,19,NA,NA,NA,NA,NA
e02470_A,e02470,A,aquaria,93,33,NA,sample,25_2023,F3,1.807,B,2023,5,26,NA,NA,NA,NA,NA
e02471_A,e02471,A,aquaria,183,83,NA,sample,25_2023,G3,1.291,B,2023,5,26,NA,NA,NA,NA,NA
e02472_A,e02472,A,aquaria,235,70,NA,sample,25_2023,H3,2.32,B,2023,5,22,NA,NA,NA,NA,NA
e02473_A,e02473,A,aquaria,427,54,NA,sample,25_2023,A4,3.189,B,2023,5,22,NA,NA,NA,NA,NA
e02474_A,e02474,A,aquaria,304,38,NA,sample,25_2023,B4,3.969,B,2023,5,19,NA,NA,NA,NA,NA
e02475_A,e02475,A,aquaria,415,T,NA,field_blank,25_2023,C4,0.267,B,2023,5,30,NA,NA,NA,NA,NA
e02476_A,e02476,A,aquaria,468,33,NA,sample,25_2023,D4,1.938,B,2023,5,26,NA,NA,NA,NA,NA
e02477_A,e02477,A,aquaria,389,83,NA,sample,25_2023,E4,1.795,B,2023,5,26,NA,NA,NA,NA,NA
e02478_A,e02478,A,aquaria,293,70,NA,sample,25_2023,F4,2.545,B,2023,5,22,NA,NA,NA,NA,NA
e02479_A,e02479,A,aquaria,400,70,NA,sample,25_2023,G4,2.6,B,2023,5,22,NA,NA,NA,NA,NA
e02480_A,e02480,A,aquaria,99,62,NA,sample,25_2023,H4,1.102,B,2023,5,30,NA,NA,NA,NA,NA
e02481_A,e02481,A,aquaria,76,62,NA,sample,25_2023,A5,1.508,B,2023,5,30,NA,NA,NA,NA,NA
e02482_A,e02482,A,aquaria,428,62,NA,sample,25_2023,B5,1.433,B,2023,5,30,NA,NA,NA,NA,NA
e02483_A,e02483,A,aquaria,NA,NA,NA,extraction_blank,25_2023,C5,0.151,B,NA,NA,NA,NA,NA,NA,NA,NA
e02484_A,e02484,A,aquaria,141,86,NA,sample,25_2023,D5,1.31,B,2023,3,17,NA,NA,NA,NA,NA
e02485_A,e02485,A,aquaria,4,T,NA,field_blank,25_2023,E5,0.244,B,2023,5,22,NA,NA,NA,NA,NA
e02486_A,e02486,A,aquaria,329,80,NA,sample,25_2023,F5,1.28,B,2023,6,1,NA,NA,NA,NA,NA
e02487_A,e02487,A,aquaria,200,80,NA,sample,25_2023,G5,1.379,B,2023,6,1,NA,NA,NA,NA,NA
e02488_A,e02488,A,aquaria,353,80,NA,sample,25_2023,H5,1.226,B,2023,6,1,NA,NA,NA,NA,NA
e02489_A,e02489,A,aquaria,390,T,NA,field_blank,25_2023,A6,0.244,B,2023,6,1,NA,NA,NA,NA,NA
e02490_A,e02490,A,aquaria,109,22,NA,sample,25_2023,B6,3.857,B,2023,7,25,NA,NA,NA,NA,NA
e02491_A,e02491,A,aquaria,14,22,NA,sample,25_2023,C6,4.277,B,2023,7,25,NA,NA,NA,NA,NA
e02492_A,e02492,A,aquaria,65,22,NA,sample,25_2023,D6,3.59,B,2023,7,25,NA,NA,NA,NA,NA
e02493_A,e02493,A,aquaria,64,63,NA,sample,25_2023,E6,27.001,B,2023,7,25,NA,NA,NA,NA,NA
e02494_A,e02494,A,aquaria,36,63,NA,sample,25_2023,F6,38.792,B,2023,7,25,NA,NA,NA,NA,NA
e02495_A,e02495,A,aquaria,251,63,NA,sample,25_2023,G6,30.634,B,2023,7,25,NA,NA,NA,NA,NA
NC1_A,NC1,A,aquaria,NA,NA,NA,PCR_blank,NA,NA,NA,B,NA,NA,NA,NA,NA,NA,NA,NA
e02496_A,e02496,A,aquaria,234,14,NA,sample,25_2023,A7,4.108,B,2023,7,25,NA,NA,NA,NA,NA
e02497_A,e02497,A,aquaria,272,14,NA,sample,25_2023,B7,3.027,B,2023,7,25,NA,NA,NA,NA,NA
e02498_A,e02498,A,aquaria,150,14,NA,sample,25_2023,C7,4.58,B,2023,7,25,NA,NA,NA,NA,NA
e02499_A,e02499,A,aquaria,,NA,NA,extraction_blank,25_2023,D7,0.161,B,NA,NA,NA,NA,NA,NA,NA,NA
e02500_A,e02500,A,aquaria,254,78,NA,sample,25_2023,E7,34.841,B,2023,7,25,NA,NA,NA,NA,NA
e02501_A,e02501,A,aquaria,73,78,NA,sample,25_2023,F7,28.793,B,2023,7,25,NA,NA,NA,NA,NA
NC2_A,NC2,A,aquaria,NA,NA,NA,PCR_blank,NA,NA,NA,B,NA,NA,NA,NA,NA,NA,NA,NA
atlcod1_A,atlcod1,A,aquaria,NA,NA,NA,positive,NA,NA,NA,B,NA,NA,NA,NA,NA,NA,NA,NA
e02449_B,e02449,B,aquaria,494,T,NA,field_blank,25_2023,A1,0.296,B,2023,4,28,NA,NA,NA,NA,NA
e02450_B,e02450,B,aquaria,239,46,NA,sample,25_2023,B1,3.728,B,2023,5,1,NA,NA,NA,NA,NA
e02451_B,e02451,B,aquaria,NA,NA,NA,extraction_blank,25_2023,C1,0.15,B,NA,NA,NA,NA,NA,NA,NA,NA
e02452_B,e02452,B,aquaria,473,46,NA,sample,25_2023,D1,3.746,B,2023,5,1,NA,NA,NA,NA,NA
e02453_B,e02453,B,aquaria,45,46,NA,sample,25_2023,E1,4.111,B,2023,5,1,NA,NA,NA,NA,NA
e02454_B,e02454,B,aquaria,111,96,NA,sample,25_2023,F1,4.968,B,2023,5,1,NA,NA,NA,NA,NA
e02455_B,e02455,B,aquaria,440,96,NA,sample,25_2023,G1,4.966,B,2023,5,1,NA,NA,NA,NA,NA
e02456_B,e02456,B,aquaria,132,96,NA,sample,25_2023,H1,4.801,B,2023,5,1,NA,NA,NA,NA,NA
e02457_B,e02457,B,aquaria,396,T,NA,field_blank,25_2023,A2,0.212,B,2023,5,1,NA,NA,NA,NA,NA
e02458_B,e02458,B,aquaria,92,56,NA,sample,25_2023,B2,2.74,B,2023,5,5,NA,NA,NA,NA,NA
e02459_B,e02459,B,aquaria,449,49,NA,sample,25_2023,C2,3.303,B,2023,5,5,NA,NA,NA,NA,NA
e02460_B,e02460,B,aquaria,477,49,NA,sample,25_2023,D2,3.624,B,2023,5,5,NA,NA,NA,NA,NA
e02461_B,e02461,B,aquaria,319,49,NA,sample,25_2023,E2,2.803,B,2023,5,5,NA,NA,NA,NA,NA
e02462_B,e02462,B,aquaria,365,56,NA,sample,25_2023,F2,3.223,B,2023,5,5,NA,NA,NA,NA,NA
e02463_B,e02463,B,aquaria,322,56,NA,sample,25_2023,G2,2.102,B,2023,5,5,NA,NA,NA,NA,NA
e02464_B,e02464,B,aquaria,438,33,NA,sample,25_2023,H2,1.393,B,2023,5,26,NA,NA,NA,NA,NA
e02465_B,e02465,B,aquaria,432,T,NA,field_blank,25_2023,A3,0.27,B,2023,5,26,NA,NA,NA,NA,NA
e02466_B,e02466,B,aquaria,450,54,NA,sample,25_2023,B3,2.326,B,2023,5,22,NA,NA,NA,NA,NA
e02467_B,e02467,B,aquaria,NA,NA,NA,extraction_blank,25_2023,C3,0.148,B,NA,NA,NA,NA,NA,NA,NA,NA
e02468_B,e02468,B,aquaria,236,54,NA,sample,25_2023,D3,2.34,B,2023,5,22,NA,NA,NA,NA,NA
e02469_B,e02469,B,aquaria,274,T,NA,field_blank,25_2023,E3,0.203,B,2023,5,19,NA,NA,NA,NA,NA
e02470_B,e02470,B,aquaria,93,33,NA,sample,25_2023,F3,1.807,B,2023,5,26,NA,NA,NA,NA,NA
e02471_B,e02471,B,aquaria,183,83,NA,sample,25_2023,G3,1.291,B,2023,5,26,NA,NA,NA,NA,NA
e02472_B,e02472,B,aquaria,235,70,NA,sample,25_2023,H3,2.32,B,2023,5,22,NA,NA,NA,NA,NA
e02473_B,e02473,B,aquaria,427,54,NA,sample,25_2023,A4,3.189,B,2023,5,22,NA,NA,NA,NA,NA
e02474_B,e02474,B,aquaria,304,38,NA,sample,25_2023,B4,3.969,B,2023,5,19,NA,NA,NA,NA,NA
e02475_B,e02475,B,aquaria,415,T,NA,field_blank,25_2023,C4,0.267,B,2023,5,30,NA,NA,NA,NA,NA
e02476_B,e02476,B,aquaria,468,33,NA,sample,25_2023,D4,1.938,B,2023,5,26,NA,NA,NA,NA,NA
e02477_B,e02477,B,aquaria,389,83,NA,sample,25_2023,E4,1.795,B,2023,5,26,NA,NA,NA,NA,NA
e02478_B,e02478,B,aquaria,293,70,NA,sample,25_2023,F4,2.545,B,2023,5,22,NA,NA,NA,NA,NA
e02479_B,e02479,B,aquaria,400,70,NA,sample,25_2023,G4,2.6,B,2023,5,22,NA,NA,NA,NA,NA
e02480_B,e02480,B,aquaria,99,62,NA,sample,25_2023,H4,1.102,B,2023,5,30,NA,NA,NA,NA,NA
e02481_B,e02481,B,aquaria,76,62,NA,sample,25_2023,A5,1.508,B,2023,5,30,NA,NA,NA,NA,NA
e02482_B,e02482,B,aquaria,428,62,NA,sample,25_2023,B5,1.433,B,2023,5,30,NA,NA,NA,NA,NA
e02483_B,e02483,B,aquaria,NA,NA,NA,extraction_blank,25_2023,C5,0.151,B,NA,NA,NA,NA,NA,NA,NA,NA
e02484_B,e02484,B,aquaria,141,86,NA,sample,25_2023,D5,1.31,B,2023,3,17,NA,NA,NA,NA,NA
e02485_B,e02485,B,aquaria,4,T,NA,field_blank,25_2023,E5,0.244,B,2023,5,22,NA,NA,NA,NA,NA
e02486_B,e02486,B,aquaria,329,80,NA,sample,25_2023,F5,1.28,B,2023,6,1,NA,NA,NA,NA,NA
e02487_B,e02487,B,aquaria,200,80,NA,sample,25_2023,G5,1.379,B,2023,6,1,NA,NA,NA,NA,NA
e02488_B,e02488,B,aquaria,353,80,NA,sample,25_2023,H5,1.226,B,2023,6,1,NA,NA,NA,NA,NA
e02489_B,e02489,B,aquaria,390,T,NA,field_blank,25_2023,A6,0.244,B,2023,6,1,NA,NA,NA,NA,NA
e02490_B,e02490,B,aquaria,109,22,NA,sample,25_2023,B6,3.857,B,2023,7,25,NA,NA,NA,NA,NA
e02491_B,e02491,B,aquaria,14,22,NA,sample,25_2023,C6,4.277,B,2023,7,25,NA,NA,NA,NA,NA
e02492_B,e02492,B,aquaria,65,22,NA,sample,25_2023,D6,3.59,B,2023,7,25,NA,NA,NA,NA,NA
e02493_B,e02493,B,aquaria,64,63,NA,sample,25_2023,E6,27.001,B,2023,7,25,NA,NA,NA,NA,NA
e02494_B,e02494,B,aquaria,36,63,NA,sample,25_2023,F6,38.792,B,2023,7,25,NA,NA,NA,NA,NA
e02495_B,e02495,B,aquaria,251,63,NA,sample,25_2023,G6,30.634,B,2023,7,25,NA,NA,NA,NA,NA
NC1_B,NC1,B,aquaria,NA,NA,NA,PCR_blank,NA,NA,NA,B,NA,NA,NA,NA,NA,NA,NA,NA
e02496_B,e02496,B,aquaria,234,14,NA,sample,25_2023,A7,4.108,B,2023,7,25,NA,NA,NA,NA,NA
e02497_B,e02497,B,aquaria,272,14,NA,sample,25_2023,B7,3.027,B,2023,7,25,NA,NA,NA,NA,NA
e02498_B,e02498,B,aquaria,150,14,NA,sample,25_2023,C7,4.58,B,2023,7,25,NA,NA,NA,NA,NA
e02499_B,e02499,B,aquaria,,NA,NA,extraction_blank,25_2023,D7,0.161,B,NA,NA,NA,NA,NA,NA,NA,NA
e02500_B,e02500,B,aquaria,254,78,NA,sample,25_2023,E7,34.841,B,2023,7,25,NA,NA,NA,NA,NA
e02501_B,e02501,B,aquaria,73,78,NA,sample,25_2023,F7,28.793,B,2023,7,25,NA,NA,NA,NA,NA
NC2_B,NC2,B,aquaria,NA,NA,NA,PCR_blank,NA,NA,NA,B,NA,NA,NA,NA,NA,NA,NA,NA
atlcod1_B,atlcod1,B,aquaria,NA,NA,NA,positive,NA,NA,NA,B,NA,NA,NA,NA,NA,NA,NA,NA
e02449_C,e02449,C,aquaria,494,T,NA,field_blank,25_2023,A1,0.296,B,2023,4,28,NA,NA,NA,NA,NA
e02450_C,e02450,C,aquaria,239,46,NA,sample,25_2023,B1,3.728,B,2023,5,1,NA,NA,NA,NA,NA
e02451_C,e02451,C,aquaria,NA,NA,NA,extraction_blank,25_2023,C1,0.15,B,NA,NA,NA,NA,NA,NA,NA,NA
e02452_C,e02452,C,aquaria,473,46,NA,sample,25_2023,D1,3.746,B,2023,5,1,NA,NA,NA,NA,NA
e02453_C,e02453,C,aquaria,45,46,NA,sample,25_2023,E1,4.111,B,2023,5,1,NA,NA,NA,NA,NA
e02454_C,e02454,C,aquaria,111,96,NA,sample,25_2023,F1,4.968,B,2023,5,1,NA,NA,NA,NA,NA
e02455_C,e02455,C,aquaria,440,96,NA,sample,25_2023,G1,4.966,B,2023,5,1,NA,NA,NA,NA,NA
e02456_C,e02456,C,aquaria,132,96,NA,sample,25_2023,H1,4.801,B,2023,5,1,NA,NA,NA,NA,NA
e02457_C,e02457,C,aquaria,396,T,NA,field_blank,25_2023,A2,0.212,B,2023,5,1,NA,NA,NA,NA,NA
e02458_C,e02458,C,aquaria,92,56,NA,sample,25_2023,B2,2.74,B,2023,5,5,NA,NA,NA,NA,NA
e02459_C,e02459,C,aquaria,449,49,NA,sample,25_2023,C2,3.303,B,2023,5,5,NA,NA,NA,NA,NA
e02460_C,e02460,C,aquaria,477,49,NA,sample,25_2023,D2,3.624,B,2023,5,5,NA,NA,NA,NA,NA
e02461_C,e02461,C,aquaria,319,49,NA,sample,25_2023,E2,2.803,B,2023,5,5,NA,NA,NA,NA,NA
e02462_C,e02462,C,aquaria,365,56,NA,sample,25_2023,F2,3.223,B,2023,5,5,NA,NA,NA,NA,NA
e02463_C,e02463,C,aquaria,322,56,NA,sample,25_2023,G2,2.102,B,2023,5,5,NA,NA,NA,NA,NA
e02464_C,e02464,C,aquaria,438,33,NA,sample,25_2023,H2,1.393,B,2023,5,26,NA,NA,NA,NA,NA
e02465_C,e02465,C,aquaria,432,T,NA,field_blank,25_2023,A3,0.27,B,2023,5,26,NA,NA,NA,NA,NA
e02466_C,e02466,C,aquaria,450,54,NA,sample,25_2023,B3,2.326,B,2023,5,22,NA,NA,NA,NA,NA
e02467_C,e02467,C,aquaria,NA,NA,NA,extraction_blank,25_2023,C3,0.148,B,NA,NA,NA,NA,NA,NA,NA,NA
e02468_C,e02468,C,aquaria,236,54,NA,sample,25_2023,D3,2.34,B,2023,5,22,NA,NA,NA,NA,NA
e02469_C,e02469,C,aquaria,274,T,NA,field_blank,25_2023,E3,0.203,B,2023,5,19,NA,NA,NA,NA,NA
e02470_C,e02470,C,aquaria,93,33,NA,sample,25_2023,F3,1.807,B,2023,5,26,NA,NA,NA,NA,NA
e02471_C,e02471,C,aquaria,183,83,NA,sample,25_2023,G3,1.291,B,2023,5,26,NA,NA,NA,NA,NA
e02472_C,e02472,C,aquaria,235,70,NA,sample,25_2023,H3,2.32,B,2023,5,22,NA,NA,NA,NA,NA
e02473_C,e02473,C,aquaria,427,54,NA,sample,25_2023,A4,3.189,B,2023,5,22,NA,NA,NA,NA,NA
e02474_C,e02474,C,aquaria,304,38,NA,sample,25_2023,B4,3.969,B,2023,5,19,NA,NA,NA,NA,NA
e02475_C,e02475,C,aquaria,415,T,NA,field_blank,25_2023,C4,0.267,B,2023,5,30,NA,NA,NA,NA,NA
e02476_C,e02476,C,aquaria,468,33,NA,sample,25_2023,D4,1.938,B,2023,5,26,NA,NA,NA,NA,NA
e02477_C,e02477,C,aquaria,389,83,NA,sample,25_2023,E4,1.795,B,2023,5,26,NA,NA,NA,NA,NA
e02478_C,e02478,C,aquaria,293,70,NA,sample,25_2023,F4,2.545,B,2023,5,22,NA,NA,NA,NA,NA
e02479_C,e02479,C,aquaria,400,70,NA,sample,25_2023,G4,2.6,B,2023,5,22,NA,NA,NA,NA,NA
e02480_C,e02480,C,aquaria,99,62,NA,sample,25_2023,H4,1.102,B,2023,5,30,NA,NA,NA,NA,NA
e02481_C,e02481,C,aquaria,76,62,NA,sample,25_2023,A5,1.508,B,2023,5,30,NA,NA,NA,NA,NA
e02482_C,e02482,C,aquaria,428,62,NA,sample,25_2023,B5,1.433,B,2023,5,30,NA,NA,NA,NA,NA
e02483_C,e02483,C,aquaria,NA,NA,NA,extraction_blank,25_2023,C5,0.151,B,NA,NA,NA,NA,NA,NA,NA,NA
e02484_C,e02484,C,aquaria,141,86,NA,sample,25_2023,D5,1.31,B,2023,3,17,NA,NA,NA,NA,NA
e02485_C,e02485,C,aquaria,4,T,NA,field_blank,25_2023,E5,0.244,B,2023,5,22,NA,NA,NA,NA,NA
e02486_C,e02486,C,aquaria,329,80,NA,sample,25_2023,F5,1.28,B,2023,6,1,NA,NA,NA,NA,NA
e02487_C,e02487,C,aquaria,200,80,NA,sample,25_2023,G5,1.379,B,2023,6,1,NA,NA,NA,NA,NA
e02488_C,e02488,C,aquaria,353,80,NA,sample,25_2023,H5,1.226,B,2023,6,1,NA,NA,NA,NA,NA
e02489_C,e02489,C,aquaria,390,T,NA,field_blank,25_2023,A6,0.244,B,2023,6,1,NA,NA,NA,NA,NA
e02490_C,e02490,C,aquaria,109,22,NA,sample,25_2023,B6,3.857,B,2023,7,25,NA,NA,NA,NA,NA
e02491_C,e02491,C,aquaria,14,22,NA,sample,25_2023,C6,4.277,B,2023,7,25,NA,NA,NA,NA,NA
e02492_C,e02492,C,aquaria,65,22,NA,sample,25_2023,D6,3.59,B,2023,7,25,NA,NA,NA,NA,NA
e02493_C,e02493,C,aquaria,64,63,NA,sample,25_2023,E6,27.001,B,2023,7,25,NA,NA,NA,NA,NA
e02494_C,e02494,C,aquaria,36,63,NA,sample,25_2023,F6,38.792,B,2023,7,25,NA,NA,NA,NA,NA
e02495_C,e02495,C,aquaria,251,63,NA,sample,25_2023,G6,30.634,B,2023,7,25,NA,NA,NA,NA,NA
NC1_C,NC1,C,aquaria,NA,NA,NA,PCR_blank,NA,NA,NA,B,NA,NA,NA,NA,NA,NA,NA,NA
e02496_C,e02496,C,aquaria,234,14,NA,sample,25_2023,A7,4.108,B,2023,7,25,NA,NA,NA,NA,NA
e02497_C,e02497,C,aquaria,272,14,NA,sample,25_2023,B7,3.027,B,2023,7,25,NA,NA,NA,NA,NA
e02498_C,e02498,C,aquaria,150,14,NA,sample,25_2023,C7,4.58,B,2023,7,25,NA,NA,NA,NA,NA
e02499_C,e02499,C,aquaria,,NA,NA,extraction_blank,25_2023,D7,0.161,B,NA,NA,NA,NA,NA,NA,NA,NA
e02500_C,e02500,C,aquaria,254,78,NA,sample,25_2023,E7,34.841,B,2023,7,25,NA,NA,NA,NA,NA
e02501_C,e02501,C,aquaria,73,78,NA,sample,25_2023,F7,28.793,B,2023,7,25,NA,NA,NA,NA,NA
NC2_C,NC2,C,aquaria,NA,NA,NA,PCR_blank,NA,NA,NA,B,NA,NA,NA,NA,NA,NA,NA,NA
atlcod1_C,atlcod1,C,aquaria,NA,NA,NA,positive,NA,NA,NA,B,NA,NA,NA,NA,NA,NA,NA,NA
e02595_A,e02595,A,DBO,E1146,NA,DBO2.3,sample,26_2023,F12,NA,B,2021,11,16,Bering Sea,-168.2356667,64.66983333,10,7:31
e02596_A,e02596,A,DBO,B3,NA,NA,field_blank,26_2023,G12,NA,B,2021,11,16,NA,NA,NA,NA,NA
e02597_A,e02597,A,DBO,NC,NA,NA,field_blank,26_2023,H12,NA,B,2021,11,8,NA,NA,NA,NA,NA
e02595_B,e02595,B,DBO,E1146,NA,DBO2.3,sample,26_2023,F12,NA,B,2021,11,16,Bering Sea,-168.2356667,64.66983333,NA,NA
e02596_B,e02596,B,DBO,B3,NA,NA,field_blank,26_2023,G12,NA,B,2021,11,16,NA,NA,NA,NA,NA
e02597_B,e02597,B,DBO,NC,NA,NA,field_blank,26_2023,H12,NA,B,2021,11,8,NA,NA,NA,NA,NA
e02595_C,e02595,C,DBO,E1146,NA,DBO2.3,sample,26_2023,F12,NA,B,2021,11,16,Bering Sea,-168.2356667,64.66983333,NA,NA
e02596_C,e02596,C,DBO,B3,NA,NA,field_blank,26_2023,G12,NA,B,2021,11,16,NA,NA,NA,NA,NA
e02597_C,e02597,C,DBO,NC,NA,NA,field_blank,26_2023,H12,NA,B,2021,11,8,NA,NA,NA,NA,NA
NC5_A,NC5,A,DBO,NA,NA,NA,PCR_blank,NA,NA,NA,B,NA,NA,NA,NA,NA,NA,NA,NA
atlcod3_A,atlcod3,A,DBO,NA,NA,NA,positive,NA,NA,NA,B,NA,NA,NA,NA,NA,NA,NA,NA
e02502_A,e02502,A,DBO,E1053,NA,DBO3.8,sample,26_2023,A1,NA,B,2021,11,8,Chukchi Sea,-168.9495,67.67663333,46,13:04
e02503_A,e02503,A,DBO,E1054,NA,DBO3.8,sample,26_2023,B1,NA,B,2021,11,8,Chukchi Sea,-168.9495,67.67663333,30,13:04
e02504_A,e02504,A,DBO,E1055,NA,DBO3.8,sample,26_2023,C1,NA,B,2021,11,8,Chukchi Sea,-168.9495,67.67663333,10,13:04
e02505_A,e02505,A,DBO,E1056,NA,DBO4.1,sample,26_2023,D1,NA,B,2021,11,9,Chukchi Sea,-160.2647333,71.19315,49,17:39
e02506_A,e02506,A,DBO,E1057,NA,DBO4.1,sample,26_2023,E1,NA,B,2021,11,9,Chukchi Sea,-160.2647333,71.19315,30,17:39
e02507_A,e02507,A,DBO,E1058,NA,DBO4.1,sample,26_2023,F1,NA,B,2021,11,9,Chukchi Sea,-160.2647333,71.19315,10,17:39
e02508_A,e02508,A,DBO,E1059,NA,DBO4.2,sample,26_2023,G1,NA,B,2021,11,9,Chukchi Sea,-160.6566667,71.3218,43,19:55
e02509_A,e02509,A,DBO,E1060,NA,DBO4.2,sample,26_2023,H1,NA,B,2021,11,9,Chukchi Sea,-160.6566667,71.3218,30,19:55
e02510_A,e02510,A,DBO,E1061,NA,DBO4.2,sample,26_2023,A2,NA,B,2021,11,9,Chukchi Sea,-160.6566667,71.3218,10,19:55
e02511_A,e02511,A,DBO,E1062,NA,DBO4.3,sample,26_2023,B2,NA,B,2021,11,9,Chukchi Sea,-161.0393833,71.45433333,43,22:19
e02512_A,e02512,A,DBO,E1063,NA,DBO4.3,sample,26_2023,C2,NA,B,2021,11,9,Chukchi Sea,-161.0393833,71.45433333,30,22:19
e02513_A,e02513,A,DBO,E1064,NA,DBO4.3,sample,26_2023,D2,NA,B,2021,11,9,Chukchi Sea,-161.0393833,71.45433333,10,22:19
e02514_A,e02514,A,DBO,E1065,NA,DBO4.4,sample,26_2023,E2,NA,B,2021,11,10,Chukchi Sea,161.4058333,71.589,43,1:26
e02515_A,e02515,A,DBO,E1066,NA,DBO4.4,sample,26_2023,F2,NA,B,2021,11,10,Chukchi Sea,161.4058333,71.589,30,1:26
e02516_A,e02516,A,DBO,E1067,NA,DBO4.4,sample,26_2023,G2,NA,B,2021,11,10,Chukchi Sea,161.4058333,71.589,10,1:26
e02517_A,e02517,A,DBO,E1068,NA,CEO,sample,26_2023,H2,NA,B,2021,11,10,Chukchi Sea,-161.5248333,71.59083333,42,3:18
e02518_A,e02518,A,DBO,E1069,NA,CEO,sample,26_2023,A3,NA,B,2021,11,10,Chukchi Sea,-161.5248333,71.59083333,30,3:18
e02519_A,e02519,A,DBO,E1070,NA,CEO,sample,26_2023,B3,NA,B,2021,11,10,Chukchi Sea,-161.5248333,71.59083333,10,3:18
e02520_A,e02520,A,DBO,E1071,NA,DBO4.5,sample,26_2023,C3,NA,B,2021,11,10,Arctic Ocean,-161.7747167,71.71866667,39,5:34
e02521_A,e02521,A,DBO,E1072,NA,DBO4.5,sample,26_2023,D3,NA,B,2021,11,10,Arctic Ocean,-161.7747167,71.71866667,30,5:34
e02522_A,e02522,A,DBO,E1073,NA,DBO4.5,sample,26_2023,E3,NA,B,2021,11,10,Arctic Ocean,-161.7747167,71.71866667,10,5:34
e02523_A,e02523,A,DBO,E1074,NA,DBO4.6,sample,26_2023,F3,NA,B,2021,11,10,Arctic Ocean,-162.17025,71.8507,37,9:39
e02524_A,e02524,A,DBO,E1075,NA,DBO4.6,sample,26_2023,G3,NA,B,2021,11,10,Arctic Ocean,-162.17025,71.8507,31,9:39
e02525_A,e02525,A,DBO,E1076,NA,DBO4.6,sample,26_2023,H3,NA,B,2021,11,10,Arctic Ocean,-162.17025,71.8507,11,9:39
e02526_A,e02526,A,DBO,E1077,NA,C2,sample,26_2023,A4,NA,B,2021,11,10,Chukchi Sea,-164,71,40,20:10
e02527_A,e02527,A,DBO,E1078,NA,C2,sample,26_2023,B4,NA,B,2021,11,10,Chukchi Sea,-164,71,30,20:10
e02528_A,e02528,A,DBO,E1079,NA,C2,sample,26_2023,C4,NA,B,2021,11,10,Chukchi Sea,-164,71,10,20:10
e02529_A,e02529,A,DBO,E1080,NA,DBO3.1,sample,26_2023,D4,NA,B,2021,11,11,Chukchi Sea,-166.9293667,68.304,30,16:21
e02530_A,e02530,A,DBO,E1081,NA,DBO3.1,sample,26_2023,E4,NA,B,2021,11,11,Chukchi Sea,-166.9293667,68.304,10,16:21
e02531_A,e02531,A,DBO,E1082,NA,DBO3.2,sample,26_2023,F4,NA,B,2021,11,11,Arctic Ocean,-167.12175,68.25066667,38,18:15
e02532_A,e02532,A,DBO,E1083,NA,DBO3.2,sample,26_2023,G4,NA,B,2021,11,11,Arctic Ocean,-167.12175,68.25066667,31,18:15
e02533_A,e02533,A,DBO,E1084,NA,DBO3.2,sample,26_2023,H4,NA,B,2021,11,11,Arctic Ocean,-167.12175,68.25066667,10,18:15
e02534_A,e02534,A,DBO,E1085,NA,DBO3.3,sample,26_2023,A5,NA,B,2021,11,11,Chukchi Sea,-167.2911667,68.19051667,43,20:26
e02535_A,e02535,A,DBO,E1086,NA,DBO3.3,sample,26_2023,B5,NA,B,2021,11,11,Chukchi Sea,-167.2911667,68.19051667,30,20:26
e02536_A,e02536,A,DBO,E1087,NA,DBO3.3,sample,26_2023,C5,NA,B,2021,11,11,Chukchi Sea,-167.2911667,68.19051667,10,20:26
e02537_A,e02537,A,DBO,E1088,NA,DBO3.4,sample,26_2023,D5,NA,B,2021,11,11,Chukchi Sea,-167.4833333,68.11666667,45,NA
e02538_A,e02538,A,DBO,E1089,NA,DBO3.4,sample,26_2023,E5,NA,B,2021,11,11,Chukchi Sea,-167.4833333,68.11666667,30,NA
e02539_A,e02539,A,DBO,E1090,NA,DBO3.4,sample,26_2023,F5,NA,B,2021,11,11,Chukchi Sea,-167.4833333,68.11666667,10,NA
e02540_A,e02540,A,DBO,E1091,NA,DBO3.5,sample,26_2023,G5,NA,B,2021,11,12,Chukchi Sea,-167.8853333,68.013,49,0:37
e02541_A,e02541,A,DBO,E1092,NA,DBO3.5,sample,26_2023,H5,NA,B,2021,11,12,Chukchi Sea,-167.8853333,68.013,31,0:37
e02542_A,e02542,A,DBO,E1093,NA,DBO3.5,sample,26_2023,A6,NA,B,2021,11,12,Chukchi Sea,-167.8853333,68.013,10,0:37
e02543_A,e02543,A,DBO,E1094,NA,DBO3.6,sample,26_2023,B6,NA,B,2021,11,12,Chukchi Sea,-167.2166667,68.88333333,53,3:56
e02544_A,e02544,A,DBO,E1095,NA,DBO3.6,sample,26_2023,C6,NA,B,2021,11,12,Chukchi Sea,-167.2166667,68.88333333,30,3:56
e02545_A,e02545,A,DBO,E1096,NA,DBO3.6,sample,26_2023,D6,NA,B,2021,11,12,Chukchi Sea,-167.2166667,68.88333333,10,3:56
e02546_A,e02546,A,DBO,E1097,NA,DBO3.7,sample,26_2023,E6,NA,B,2021,11,12,Chukchi Sea,-168.5949667,67.78283333,45,6:39
e02547_A,e02547,A,DBO,E1098,NA,DBO3.7,sample,26_2023,F6,NA,B,2021,11,12,Chukchi Sea,-168.5949667,67.78283333,30,6:39
e02548_A,e02548,A,DBO,E1099,NA,DBO3.7,sample,26_2023,G6,NA,B,2021,11,12,Chukchi Sea,-168.5949667,67.78283333,10,6:39
e02549_A,e02549,A,DBO,E1100,NA,M8,sample,26_2023,H6,NA,B,2021,11,14,Bering Sea,-174.68,62.20133333,68,0:51
e02550_A,e02550,A,DBO,E1101,NA,M8,sample,26_2023,A7,NA,B,2021,11,14,Bering Sea,-174.68,62.20133333,31,0:51
e02551_A,e02551,A,DBO,E1102,NA,M8,sample,26_2023,B7,NA,B,2021,11,14,Bering Sea,-174.68,62.20133333,10,0:51
e02552_A,e02552,A,DBO,E1103,NA,DBO1.1,sample,26_2023,C7,NA,B,2021,11,14,Bering Sea,-175.0666667,62,74,3:06
e02553_A,e02553,A,DBO,E1104,NA,DBO1.1,sample,26_2023,D7,NA,B,2021,11,14,Bering Sea,-175.0666667,62,30,3:06
e02554_A,e02554,A,DBO,E1105,NA,DBO1.1,sample,26_2023,E7,NA,B,2021,11,14,Bering Sea,-175.0666667,62,10,3:06
e02555_A,e02555,A,DBO,E1106,NA,DBO1.2,sample,26_2023,F7,NA,B,2021,11,14,Bering Sea,-175.2086333,62.04928333,76,5:06
e02556_A,e02556,A,DBO,E1107,NA,DBO1.2,sample,26_2023,G7,NA,B,2021,11,14,Bering Sea,-175.2086333,62.04928333,31,5:06
e02557_A,e02557,A,DBO,E1108,NA,DBO1.2,sample,26_2023,H7,NA,B,2021,11,14,Bering Sea,-175.2086333,62.04928333,10,5:06
e02558_A,e02558,A,DBO,E1109,NA,DBO1.3,sample,26_2023,A8,NA,B,2021,11,14,Bering Sea,-174.8778333,62.22,70,8:01
e02559_A,e02559,A,DBO,E1110,NA,DBO1.3,sample,26_2023,B8,NA,B,2021,11,14,Bering Sea,-174.8778333,62.22,31,8:01
e02560_A,e02560,A,DBO,E1111,NA,DBO1.3,sample,26_2023,C8,NA,B,2021,11,14,Bering Sea,-174.8778333,62.22,10,8:01
e02561_A,e02561,A,DBO,E1112,NA,DBO1.4,sample,26_2023,D8,NA,B,2021,11,14,Bering Sea,-174.5716,62.39033333,65,9:58
e02562_A,e02562,A,DBO,E1113,NA,DBO1.4,sample,26_2023,E8,NA,B,2021,11,14,Bering Sea,-174.5716,62.39033333,30,9:58
e02563_A,e02563,A,DBO,E1114,NA,DBO1.4,sample,26_2023,F8,NA,B,2021,11,14,Bering Sea,-174.5716,62.39033333,10,9:58
e02564_A,e02564,A,DBO,E1115,NA,DBO1.5,sample,26_2023,G8,NA,B,2021,11,14,Bering Sea,-174.0845,62.46833333,63,13:19
e02565_A,e02565,A,DBO,E1116,NA,DBO1.5,sample,26_2023,H8,NA,B,2021,11,14,Bering Sea,-174.0845,62.46833333,30,13:19
e02566_A,e02566,A,DBO,E1117,NA,DBO1.5,sample,26_2023,A9,NA,B,2021,11,14,Bering Sea,-174.0845,62.46833333,10,13:19
e02567_A,e02567,A,DBO,E1118,NA,DBO1.6,sample,26_2023,B9,NA,B,2021,11,14,Bering Sea,-173.55045,62.5605,60,15:00
e02568_A,e02568,A,DBO,E1119,NA,DBO1.6,sample,26_2023,C9,NA,B,2021,11,14,Bering Sea,-173.55045,62.5605,31,15:00
e02569_A,e02569,A,DBO,E1120,NA,DBO1.6,sample,26_2023,D9,NA,B,2021,11,14,Bering Sea,-173.55045,62.5605,11,15:00
e02570_A,e02570,A,DBO,E1121,NA,DBO1.7,sample,26_2023,E9,NA,B,2021,11,14,Bering Sea,-173.5004167,62.7875,66,18:51
e02571_A,e02571,A,DBO,E1122,NA,DBO1.7,sample,26_2023,F9,NA,B,2021,11,14,Bering Sea,-173.5004167,62.7875,31,18:51
e02572_A,e02572,A,DBO,E1123,NA,DBO1.7,sample,26_2023,G9,NA,B,2021,11,14,Bering Sea,-173.5004167,62.7875,11,18:51
e02573_A,e02573,A,DBO,E1124,NA,DBO1.8,sample,26_2023,H9,NA,B,2021,11,14,Bering Sea,-173.461,63.03016667,65,20:50
e02574_A,e02574,A,DBO,E1125,NA,DBO1.8,sample,26_2023,A10,NA,B,2021,11,14,Bering Sea,-173.461,63.03016667,30,20:50
e02575_A,e02575,A,DBO,E1126,NA,DBO1.8,sample,26_2023,B10,NA,B,2021,11,14,Bering Sea,-173.461,63.03016667,11,20:50
e02576_A,e02576,A,DBO,E1127,NA,DBO1.9,sample,26_2023,C10,NA,B,2021,11,15,Bering Sea,-173.281,63.27833333,61,0:34
e02577_A,e02577,A,DBO,E1128,NA,DBO1.9,sample,26_2023,D10,NA,B,2021,11,15,Bering Sea,-173.281,63.27833333,31,0:34
e02578_A,e02578,A,DBO,E1129,NA,DBO1.9,sample,26_2023,E10,NA,B,2021,11,15,Bering Sea,-173.281,63.27833333,11,0:34
e02579_A,e02579,A,DBO,E1130,NA,DBO1.10,sample,26_2023,F10,NA,B,2021,11,15,Bering Sea,-172.5931667,63.60483333,46,3:54
e02580_A,e02580,A,DBO,E1131,NA,DBO1.10,sample,26_2023,G10,NA,B,2021,11,15,Bering Sea,-172.5931667,63.60483333,30,3:54
e02581_A,e02581,A,DBO,E1132,NA,DBO1.10,sample,26_2023,H10,NA,B,2021,11,15,Bering Sea,-172.5931667,63.60483333,11,3:54
e02582_A,e02582,A,DBO,E1133,NA,DBO2.1,sample,26_2023,A11,NA,B,2021,11,15,Bering Sea,-169.9187,64.67016667,43,12:20
e02583_A,e02583,A,DBO,E1134,NA,DBO2.1,sample,26_2023,B11,NA,B,2021,11,15,Bering Sea,-169.9187,64.67016667,30,12:20
e02584_A,e02584,A,DBO,E1135,NA,DBO2.1,sample,26_2023,C11,NA,B,2021,11,15,Bering Sea,-169.9187,64.67016667,10,12:20
e02585_A,e02585,A,DBO,E1136,NA,DBO2.2,sample,26_2023,D11,NA,B,2021,11,15,Bering Sea,-169.1006667,64.68,41,15:44
e02586_A,e02586,A,DBO,E1137,NA,DBO2.2,sample,26_2023,E11,NA,B,2021,11,15,Bering Sea,-169.1006667,64.68,30,15:44
e02587_A,e02587,A,DBO,E1138,NA,DBO2.2,sample,26_2023,F11,NA,B,2021,11,15,Bering Sea,-169.1006667,64.68,10,15:44
e02588_A,e02588,A,DBO,E1139,NA,DBO2.5,sample,26_2023,G11,NA,B,2021,11,15,Bering Sea,-169.1398333,64.98983333,44,22:03
e02589_A,e02589,A,DBO,E1140,NA,DBO2.5,sample,26_2023,H11,NA,B,2021,11,15,Bering Sea,-169.1398333,64.98983333,31,22:03
e02590_A,e02590,A,DBO,E1141,NA,DBO2.5,sample,26_2023,A12,NA,B,2021,11,15,Bering Sea,-169.1398333,64.98983333,10,22:03
e02591_A,e02591,A,DBO,E1142,NA,DBO2.4,sample,26_2023,B12,NA,B,2021,11,16,Bering Sea,-169.8803333,64.95883333,44,1:31
e02592_A,e02592,A,DBO,E1143,NA,DBO2.4,sample,26_2023,C12,NA,B,2021,11,16,Bering Sea,-169.8803333,64.95883333,30,1:31
e02593_A,e02593,A,DBO,E1144,NA,DBO2.4,sample,26_2023,D12,NA,B,2021,11,16,Bering Sea,-169.8803333,64.95883333,10,1:31
e02594_A,e02594,A,DBO,E1145,NA,DBO2.3,sample,26_2023,E12,NA,B,2021,11,16,Bering Sea,-168.2356667,64.66983333,34,7:31
NC3_A,NC3,A,DBO,NA,NA,NA,PCR_blank,NA,NA,NA,B,NA,NA,NA,NA,NA,NA,NA,NA
NC4_A,NC4,A,DBO,NA,NA,NA,PCR_blank,NA,NA,NA,B,NA,NA,NA,NA,NA,NA,NA,NA
atlcod2_A,atlcod2,A,DBO,NA,NA,NA,positive,NA,NA,NA,B,NA,NA,NA,NA,NA,NA,NA,NA
e02502_B,e02502,B,DBO,E1053,NA,DBO3.8,sample,26_2023,A1,NA,B,2021,11,8,Chukchi Sea,-168.9495,67.67663333,46,13:04
e02503_B,e02503,B,DBO,E1054,NA,DBO3.8,sample,26_2023,B1,NA,B,2021,11,8,Chukchi Sea,-168.9495,67.67663333,30,13:04
e02504_B,e02504,B,DBO,E1055,NA,DBO3.8,sample,26_2023,C1,NA,B,2021,11,8,Chukchi Sea,-168.9495,67.67663333,10,13:04
e02505_B,e02505,B,DBO,E1056,NA,DBO4.1,sample,26_2023,D1,NA,B,2021,11,9,Chukchi Sea,-160.2647333,71.19315,49,17:39
e02506_B,e02506,B,DBO,E1057,NA,DBO4.1,sample,26_2023,E1,NA,B,2021,11,9,Chukchi Sea,-160.2647333,71.19315,30,17:39
e02507_B,e02507,B,DBO,E1058,NA,DBO4.1,sample,26_2023,F1,NA,B,2021,11,9,Chukchi Sea,-160.2647333,71.19315,10,17:39
e02508_B,e02508,B,DBO,E1059,NA,DBO4.2,sample,26_2023,G1,NA,B,2021,11,9,Chukchi Sea,-160.6566667,71.3218,43,19:55
e02509_B,e02509,B,DBO,E1060,NA,DBO4.2,sample,26_2023,H1,NA,B,2021,11,9,Chukchi Sea,-160.6566667,71.3218,30,19:55
e02510_B,e02510,B,DBO,E1061,NA,DBO4.2,sample,26_2023,A2,NA,B,2021,11,9,Chukchi Sea,-160.6566667,71.3218,10,19:55
e02511_B,e02511,B,DBO,E1062,NA,DBO4.3,sample,26_2023,B2,NA,B,2021,11,9,Chukchi Sea,-161.0393833,71.45433333,43,22:19
e02512_B,e02512,B,DBO,E1063,NA,DBO4.3,sample,26_2023,C2,NA,B,2021,11,9,Chukchi Sea,-161.0393833,71.45433333,30,22:19
e02513_B,e02513,B,DBO,E1064,NA,DBO4.3,sample,26_2023,D2,NA,B,2021,11,9,Chukchi Sea,-161.0393833,71.45433333,10,22:19
e02514_B,e02514,B,DBO,E1065,NA,DBO4.4,sample,26_2023,E2,NA,B,2021,11,10,Chukchi Sea,161.4058333,71.589,43,1:26
e02515_B,e02515,B,DBO,E1066,NA,DBO4.4,sample,26_2023,F2,NA,B,2021,11,10,Chukchi Sea,161.4058333,71.589,30,1:26
e02516_B,e02516,B,DBO,E1067,NA,DBO4.4,sample,26_2023,G2,NA,B,2021,11,10,Chukchi Sea,161.4058333,71.589,10,1:26
e02517_B,e02517,B,DBO,E1068,NA,CEO,sample,26_2023,H2,NA,B,2021,11,10,Chukchi Sea,-161.5248333,71.59083333,42,3:18
e02518_B,e02518,B,DBO,E1069,NA,CEO,sample,26_2023,A3,NA,B,2021,11,10,Chukchi Sea,-161.5248333,71.59083333,30,3:18
e02519_B,e02519,B,DBO,E1070,NA,CEO,sample,26_2023,B3,NA,B,2021,11,10,Chukchi Sea,-161.5248333,71.59083333,10,3:18
e02520_B,e02520,B,DBO,E1071,NA,DBO4.5,sample,26_2023,C3,NA,B,2021,11,10,Arctic Ocean,-161.7747167,71.71866667,39,5:34
e02521_B,e02521,B,DBO,E1072,NA,DBO4.5,sample,26_2023,D3,NA,B,2021,11,10,Arctic Ocean,-161.7747167,71.71866667,30,5:34
e02522_B,e02522,B,DBO,E1073,NA,DBO4.5,sample,26_2023,E3,NA,B,2021,11,10,Arctic Ocean,-161.7747167,71.71866667,10,5:34
e02523_B,e02523,B,DBO,E1074,NA,DBO4.6,sample,26_2023,F3,NA,B,2021,11,10,Arctic Ocean,-162.17025,71.8507,37,9:39
e02524_B,e02524,B,DBO,E1075,NA,DBO4.6,sample,26_2023,G3,NA,B,2021,11,10,Arctic Ocean,-162.17025,71.8507,31,9:39
e02525_B,e02525,B,DBO,E1076,NA,DBO4.6,sample,26_2023,H3,NA,B,2021,11,10,Arctic Ocean,-162.17025,71.8507,11,9:39
e02526_B,e02526,B,DBO,E1077,NA,C2,sample,26_2023,A4,NA,B,2021,11,10,Chukchi Sea,-164,71,40,20:10
e02527_B,e02527,B,DBO,E1078,NA,C2,sample,26_2023,B4,NA,B,2021,11,10,Chukchi Sea,-164,71,30,20:10
e02528_B,e02528,B,DBO,E1079,NA,C2,sample,26_2023,C4,NA,B,2021,11,10,Chukchi Sea,-164,71,10,20:10
e02529_B,e02529,B,DBO,E1080,NA,DBO3.1,sample,26_2023,D4,NA,B,2021,11,11,Chukchi Sea,-166.9293667,68.304,30,16:21
e02530_B,e02530,B,DBO,E1081,NA,DBO3.1,sample,26_2023,E4,NA,B,2021,11,11,Chukchi Sea,-166.9293667,68.304,10,16:21
e02531_B,e02531,B,DBO,E1082,NA,DBO3.2,sample,26_2023,F4,NA,B,2021,11,11,Arctic Ocean,-167.12175,68.25066667,38,18:15
e02532_B,e02532,B,DBO,E1083,NA,DBO3.2,sample,26_2023,G4,NA,B,2021,11,11,Arctic Ocean,-167.12175,68.25066667,31,18:15
e02533_B,e02533,B,DBO,E1084,NA,DBO3.2,sample,26_2023,H4,NA,B,2021,11,11,Arctic Ocean,-167.12175,68.25066667,10,18:15
e02534_B,e02534,B,DBO,E1085,NA,DBO3.3,sample,26_2023,A5,NA,B,2021,11,11,Chukchi Sea,-167.2911667,68.19051667,43,20:26
e02535_B,e02535,B,DBO,E1086,NA,DBO3.3,sample,26_2023,B5,NA,B,2021,11,11,Chukchi Sea,-167.2911667,68.19051667,30,20:26
e02536_B,e02536,B,DBO,E1087,NA,DBO3.3,sample,26_2023,C5,NA,B,2021,11,11,Chukchi Sea,-167.2911667,68.19051667,10,20:26
e02537_B,e02537,B,DBO,E1088,NA,DBO3.4,sample,26_2023,D5,NA,B,2021,11,11,Chukchi Sea,-167.4833333,68.11666667,45,NA
e02538_B,e02538,B,DBO,E1089,NA,DBO3.4,sample,26_2023,E5,NA,B,2021,11,11,Chukchi Sea,-167.4833333,68.11666667,30,NA
e02539_B,e02539,B,DBO,E1090,NA,DBO3.4,sample,26_2023,F5,NA,B,2021,11,11,Chukchi Sea,-167.4833333,68.11666667,10,NA
e02540_B,e02540,B,DBO,E1091,NA,DBO3.5,sample,26_2023,G5,NA,B,2021,11,12,Chukchi Sea,-167.8853333,68.013,49,0:37
e02541_B,e02541,B,DBO,E1092,NA,DBO3.5,sample,26_2023,H5,NA,B,2021,11,12,Chukchi Sea,-167.8853333,68.013,31,0:37
e02542_B,e02542,B,DBO,E1093,NA,DBO3.5,sample,26_2023,A6,NA,B,2021,11,12,Chukchi Sea,-167.8853333,68.013,10,0:37
e02543_B,e02543,B,DBO,E1094,NA,DBO3.6,sample,26_2023,B6,NA,B,2021,11,12,Chukchi Sea,-167.2166667,68.88333333,53,3:56
e02544_B,e02544,B,DBO,E1095,NA,DBO3.6,sample,26_2023,C6,NA,B,2021,11,12,Chukchi Sea,-167.2166667,68.88333333,30,3:56
e02545_B,e02545,B,DBO,E1096,NA,DBO3.6,sample,26_2023,D6,NA,B,2021,11,12,Chukchi Sea,-167.2166667,68.88333333,10,3:56
e02546_B,e02546,B,DBO,E1097,NA,DBO3.7,sample,26_2023,E6,NA,B,2021,11,12,Chukchi Sea,-168.5949667,67.78283333,45,6:39
e02547_B,e02547,B,DBO,E1098,NA,DBO3.7,sample,26_2023,F6,NA,B,2021,11,12,Chukchi Sea,-168.5949667,67.78283333,30,6:39
e02548_B,e02548,B,DBO,E1099,NA,DBO3.7,sample,26_2023,G6,NA,B,2021,11,12,Chukchi Sea,-168.5949667,67.78283333,10,6:39
e02549_B,e02549,B,DBO,E1100,NA,M8,sample,26_2023,H6,NA,B,2021,11,14,Bering Sea,-174.68,62.20133333,68,0:51
e02550_B,e02550,B,DBO,E1101,NA,M8,sample,26_2023,A7,NA,B,2021,11,14,Bering Sea,-174.68,62.20133333,31,0:51
e02551_B,e02551,B,DBO,E1102,NA,M8,sample,26_2023,B7,NA,B,2021,11,14,Bering Sea,-174.68,62.20133333,10,0:51
e02552_B,e02552,B,DBO,E1103,NA,DBO1.1,sample,26_2023,C7,NA,B,2021,11,14,Bering Sea,-175.0666667,62,74,3:06
e02553_B,e02553,B,DBO,E1104,NA,DBO1.1,sample,26_2023,D7,NA,B,2021,11,14,Bering Sea,-175.0666667,62,30,3:06
e02554_B,e02554,B,DBO,E1105,NA,DBO1.1,sample,26_2023,E7,NA,B,2021,11,14,Bering Sea,-175.0666667,62,10,3:06
e02555_B,e02555,B,DBO,E1106,NA,DBO1.2,sample,26_2023,F7,NA,B,2021,11,14,Bering Sea,-175.2086333,62.04928333,76,5:06
e02556_B,e02556,B,DBO,E1107,NA,DBO1.2,sample,26_2023,G7,NA,B,2021,11,14,Bering Sea,-175.2086333,62.04928333,31,5:06
e02557_B,e02557,B,DBO,E1108,NA,DBO1.2,sample,26_2023,H7,NA,B,2021,11,14,Bering Sea,-175.2086333,62.04928333,10,5:06
e02558_B,e02558,B,DBO,E1109,NA,DBO1.3,sample,26_2023,A8,NA,B,2021,11,14,Bering Sea,-174.8778333,62.22,70,8:01
e02559_B,e02559,B,DBO,E1110,NA,DBO1.3,sample,26_2023,B8,NA,B,2021,11,14,Bering Sea,-174.8778333,62.22,31,8:01
e02560_B,e02560,B,DBO,E1111,NA,DBO1.3,sample,26_2023,C8,NA,B,2021,11,14,Bering Sea,-174.8778333,62.22,10,8:01
e02561_B,e02561,B,DBO,E1112,NA,DBO1.4,sample,26_2023,D8,NA,B,2021,11,14,Bering Sea,-174.5716,62.39033333,65,9:58
e02562_B,e02562,B,DBO,E1113,NA,DBO1.4,sample,26_2023,E8,NA,B,2021,11,14,Bering Sea,-174.5716,62.39033333,30,9:58
e02563_B,e02563,B,DBO,E1114,NA,DBO1.4,sample,26_2023,F8,NA,B,2021,11,14,Bering Sea,-174.5716,62.39033333,10,9:58
e02564_B,e02564,B,DBO,E1115,NA,DBO1.5,sample,26_2023,G8,NA,B,2021,11,14,Bering Sea,-174.0845,62.46833333,63,13:19
e02565_B,e02565,B,DBO,E1116,NA,DBO1.5,sample,26_2023,H8,NA,B,2021,11,14,Bering Sea,-174.0845,62.46833333,30,13:19
e02566_B,e02566,B,DBO,E1117,NA,DBO1.5,sample,26_2023,A9,NA,B,2021,11,14,Bering Sea,-174.0845,62.46833333,10,13:19
e02567_B,e02567,B,DBO,E1118,NA,DBO1.6,sample,26_2023,B9,NA,B,2021,11,14,Bering Sea,-173.55045,62.5605,60,15:00
e02568_B,e02568,B,DBO,E1119,NA,DBO1.6,sample,26_2023,C9,NA,B,2021,11,14,Bering Sea,-173.55045,62.5605,31,15:00
e02569_B,e02569,B,DBO,E1120,NA,DBO1.6,sample,26_2023,D9,NA,B,2021,11,14,Bering Sea,-173.55045,62.5605,11,15:00
e02570_B,e02570,B,DBO,E1121,NA,DBO1.7,sample,26_2023,E9,NA,B,2021,11,14,Bering Sea,-173.5004167,62.7875,66,18:51
e02571_B,e02571,B,DBO,E1122,NA,DBO1.7,sample,26_2023,F9,NA,B,2021,11,14,Bering Sea,-173.5004167,62.7875,31,18:51
e02572_B,e02572,B,DBO,E1123,NA,DBO1.7,sample,26_2023,G9,NA,B,2021,11,14,Bering Sea,-173.5004167,62.7875,11,18:51
e02573_B,e02573,B,DBO,E1124,NA,DBO1.8,sample,26_2023,H9,NA,B,2021,11,14,Bering Sea,-173.461,63.03016667,65,20:50
e02574_B,e02574,B,DBO,E1125,NA,DBO1.8,sample,26_2023,A10,NA,B,2021,11,14,Bering Sea,-173.461,63.03016667,30,20:50
e02575_B,e02575,B,DBO,E1126,NA,DBO1.8,sample,26_2023,B10,NA,B,2021,11,14,Bering Sea,-173.461,63.03016667,11,20:50
e02576_B,e02576,B,DBO,E1127,NA,DBO1.9,sample,26_2023,C10,NA,B,2021,11,15,Bering Sea,-173.281,63.27833333,61,0:34
e02577_B,e02577,B,DBO,E1128,NA,DBO1.9,sample,26_2023,D10,NA,B,2021,11,15,Bering Sea,-173.281,63.27833333,31,0:34
e02578_B,e02578,B,DBO,E1129,NA,DBO1.9,sample,26_2023,E10,NA,B,2021,11,15,Bering Sea,-173.281,63.27833333,11,0:34
e02579_B,e02579,B,DBO,E1130,NA,DBO1.10,sample,26_2023,F10,NA,B,2021,11,15,Bering Sea,-172.5931667,63.60483333,46,3:54
e02580_B,e02580,B,DBO,E1131,NA,DBO1.10,sample,26_2023,G10,NA,B,2021,11,15,Bering Sea,-172.5931667,63.60483333,30,3:54
e02581_B,e02581,B,DBO,E1132,NA,DBO1.10,sample,26_2023,H10,NA,B,2021,11,15,Bering Sea,-172.5931667,63.60483333,11,3:54
e02582_B,e02582,B,DBO,E1133,NA,DBO2.1,sample,26_2023,A11,NA,B,2021,11,15,Bering Sea,-169.9187,64.67016667,43,12:20
e02583_B,e02583,B,DBO,E1134,NA,DBO2.1,sample,26_2023,B11,NA,B,2021,11,15,Bering Sea,-169.9187,64.67016667,30,12:20
e02584_B,e02584,B,DBO,E1135,NA,DBO2.1,sample,26_2023,C11,NA,B,2021,11,15,Bering Sea,-169.9187,64.67016667,10,12:20
e02585_B,e02585,B,DBO,E1136,NA,DBO2.2,sample,26_2023,D11,NA,B,2021,11,15,Bering Sea,-169.1006667,64.68,41,15:44
e02586_B,e02586,B,DBO,E1137,NA,DBO2.2,sample,26_2023,E11,NA,B,2021,11,15,Bering Sea,-169.1006667,64.68,30,15:44
e02587_B,e02587,B,DBO,E1138,NA,DBO2.2,sample,26_2023,F11,NA,B,2021,11,15,Bering Sea,-169.1006667,64.68,10,15:44
e02588_B,e02588,B,DBO,E1139,NA,DBO2.5,sample,26_2023,G11,NA,B,2021,11,15,Bering Sea,-169.1398333,64.98983333,44,22:03
e02589_B,e02589,B,DBO,E1140,NA,DBO2.5,sample,26_2023,H11,NA,B,2021,11,15,Bering Sea,-169.1398333,64.98983333,31,22:03
e02590_B,e02590,B,DBO,E1141,NA,DBO2.5,sample,26_2023,A12,NA,B,2021,11,15,Bering Sea,-169.1398333,64.98983333,10,22:03
e02591_B,e02591,B,DBO,E1142,NA,DBO2.4,sample,26_2023,B12,NA,B,2021,11,16,Bering Sea,-169.8803333,64.95883333,44,1:31
e02592_B,e02592,B,DBO,E1143,NA,DBO2.4,sample,26_2023,C12,NA,B,2021,11,16,Bering Sea,-169.8803333,64.95883333,30,1:31
e02593_B,e02593,B,DBO,E1144,NA,DBO2.4,sample,26_2023,D12,NA,B,2021,11,16,Bering Sea,-169.8803333,64.95883333,10,1:31
e02594_B,e02594,B,DBO,E1145,NA,DBO2.3,sample,26_2023,E12,NA,B,2021,11,16,Bering Sea,-168.2356667,64.66983333,34,7:31
NC3_B,NC3,B,DBO,NA,NA,NA,PCR_blank,NA,NA,NA,B,NA,NA,NA,NA,NA,NA,NA,NA
NC4_B,NC4,B,DBO,NA,NA,NA,PCR_blank,NA,NA,NA,B,NA,NA,NA,NA,NA,NA,NA,NA
atlcod2_B,atlcod2,B,DBO,NA,NA,NA,positive,NA,NA,NA,B,NA,NA,NA,NA,NA,NA,NA,NA
e02502_C,e02502,C,DBO,E1053,NA,DBO3.8,sample,26_2023,A1,NA,B,2021,11,8,Chukchi Sea,-168.9495,67.67663333,46,13:04
e02503_C,e02503,C,DBO,E1054,NA,DBO3.8,sample,26_2023,B1,NA,B,2021,11,8,Chukchi Sea,-168.9495,67.67663333,30,13:04
e02504_C,e02504,C,DBO,E1055,NA,DBO3.8,sample,26_2023,C1,NA,B,2021,11,8,Chukchi Sea,-168.9495,67.67663333,10,13:04
e02505_C,e02505,C,DBO,E1056,NA,DBO4.1,sample,26_2023,D1,NA,B,2021,11,9,Chukchi Sea,-160.2647333,71.19315,49,17:39
e02506_C,e02506,C,DBO,E1057,NA,DBO4.1,sample,26_2023,E1,NA,B,2021,11,9,Chukchi Sea,-160.2647333,71.19315,30,17:39
e02507_C,e02507,C,DBO,E1058,NA,DBO4.1,sample,26_2023,F1,NA,B,2021,11,9,Chukchi Sea,-160.2647333,71.19315,10,17:39
e02508_C,e02508,C,DBO,E1059,NA,DBO4.2,sample,26_2023,G1,NA,B,2021,11,9,Chukchi Sea,-160.6566667,71.3218,43,19:55
e02509_C,e02509,C,DBO,E1060,NA,DBO4.2,sample,26_2023,H1,NA,B,2021,11,9,Chukchi Sea,-160.6566667,71.3218,30,19:55
e02510_C,e02510,C,DBO,E1061,NA,DBO4.2,sample,26_2023,A2,NA,B,2021,11,9,Chukchi Sea,-160.6566667,71.3218,10,19:55
e02511_C,e02511,C,DBO,E1062,NA,DBO4.3,sample,26_2023,B2,NA,B,2021,11,9,Chukchi Sea,-161.0393833,71.45433333,43,22:19
e02512_C,e02512,C,DBO,E1063,NA,DBO4.3,sample,26_2023,C2,NA,B,2021,11,9,Chukchi Sea,-161.0393833,71.45433333,30,22:19
e02513_C,e02513,C,DBO,E1064,NA,DBO4.3,sample,26_2023,D2,NA,B,2021,11,9,Chukchi Sea,-161.0393833,71.45433333,10,22:19
e02514_C,e02514,C,DBO,E1065,NA,DBO4.4,sample,26_2023,E2,NA,B,2021,11,10,Chukchi Sea,161.4058333,71.589,43,1:26
e02515_C,e02515,C,DBO,E1066,NA,DBO4.4,sample,26_2023,F2,NA,B,2021,11,10,Chukchi Sea,161.4058333,71.589,30,1:26
e02516_C,e02516,C,DBO,E1067,NA,DBO4.4,sample,26_2023,G2,NA,B,2021,11,10,Chukchi Sea,161.4058333,71.589,10,1:26
e02517_C,e02517,C,DBO,E1068,NA,CEO,sample,26_2023,H2,NA,B,2021,11,10,Chukchi Sea,-161.5248333,71.59083333,42,3:18
e02518_C,e02518,C,DBO,E1069,NA,CEO,sample,26_2023,A3,NA,B,2021,11,10,Chukchi Sea,-161.5248333,71.59083333,30,3:18
e02519_C,e02519,C,DBO,E1070,NA,CEO,sample,26_2023,B3,NA,B,2021,11,10,Chukchi Sea,-161.5248333,71.59083333,10,3:18
e02520_C,e02520,C,DBO,E1071,NA,DBO4.5,sample,26_2023,C3,NA,B,2021,11,10,Arctic Ocean,-161.7747167,71.71866667,39,5:34
e02521_C,e02521,C,DBO,E1072,NA,DBO4.5,sample,26_2023,D3,NA,B,2021,11,10,Arctic Ocean,-161.7747167,71.71866667,30,5:34
e02522_C,e02522,C,DBO,E1073,NA,DBO4.5,sample,26_2023,E3,NA,B,2021,11,10,Arctic Ocean,-161.7747167,71.71866667,10,5:34
e02523_C,e02523,C,DBO,E1074,NA,DBO4.6,sample,26_2023,F3,NA,B,2021,11,10,Arctic Ocean,-162.17025,71.8507,37,9:39
e02524_C,e02524,C,DBO,E1075,NA,DBO4.6,sample,26_2023,G3,NA,B,2021,11,10,Arctic Ocean,-162.17025,71.8507,31,9:39
e02525_C,e02525,C,DBO,E1076,NA,DBO4.6,sample,26_2023,H3,NA,B,2021,11,10,Arctic Ocean,-162.17025,71.8507,11,9:39
e02526_C,e02526,C,DBO,E1077,NA,C2,sample,26_2023,A4,NA,B,2021,11,10,Chukchi Sea,-164,71,40,20:10
e02527_C,e02527,C,DBO,E1078,NA,C2,sample,26_2023,B4,NA,B,2021,11,10,Chukchi Sea,-164,71,30,20:10
e02528_C,e02528,C,DBO,E1079,NA,C2,sample,26_2023,C4,NA,B,2021,11,10,Chukchi Sea,-164,71,10,20:10
e02529_C,e02529,C,DBO,E1080,NA,DBO3.1,sample,26_2023,D4,NA,B,2021,11,11,Chukchi Sea,-166.9293667,68.304,30,16:21
e02530_C,e02530,C,DBO,E1081,NA,DBO3.1,sample,26_2023,E4,NA,B,2021,11,11,Chukchi Sea,-166.9293667,68.304,10,16:21
e02531_C,e02531,C,DBO,E1082,NA,DBO3.2,sample,26_2023,F4,NA,B,2021,11,11,Arctic Ocean,-167.12175,68.25066667,38,18:15
e02532_C,e02532,C,DBO,E1083,NA,DBO3.2,sample,26_2023,G4,NA,B,2021,11,11,Arctic Ocean,-167.12175,68.25066667,31,18:15
e02533_C,e02533,C,DBO,E1084,NA,DBO3.2,sample,26_2023,H4,NA,B,2021,11,11,Arctic Ocean,-167.12175,68.25066667,10,18:15
e02534_C,e02534,C,DBO,E1085,NA,DBO3.3,sample,26_2023,A5,NA,B,2021,11,11,Chukchi Sea,-167.2911667,68.19051667,43,20:26
e02535_C,e02535,C,DBO,E1086,NA,DBO3.3,sample,26_2023,B5,NA,B,2021,11,11,Chukchi Sea,-167.2911667,68.19051667,30,20:26
e02536_C,e02536,C,DBO,E1087,NA,DBO3.3,sample,26_2023,C5,NA,B,2021,11,11,Chukchi Sea,-167.2911667,68.19051667,10,20:26
e02537_C,e02537,C,DBO,E1088,NA,DBO3.4,sample,26_2023,D5,NA,B,2021,11,11,Chukchi Sea,-167.4833333,68.11666667,45,NA
e02538_C,e02538,C,DBO,E1089,NA,DBO3.4,sample,26_2023,E5,NA,B,2021,11,11,Chukchi Sea,-167.4833333,68.11666667,30,NA
e02539_C,e02539,C,DBO,E1090,NA,DBO3.4,sample,26_2023,F5,NA,B,2021,11,11,Chukchi Sea,-167.4833333,68.11666667,10,NA
e02540_C,e02540,C,DBO,E1091,NA,DBO3.5,sample,26_2023,G5,NA,B,2021,11,12,Chukchi Sea,-167.8853333,68.013,49,0:37
e02541_C,e02541,C,DBO,E1092,NA,DBO3.5,sample,26_2023,H5,NA,B,2021,11,12,Chukchi Sea,-167.8853333,68.013,31,0:37
e02542_C,e02542,C,DBO,E1093,NA,DBO3.5,sample,26_2023,A6,NA,B,2021,11,12,Chukchi Sea,-167.8853333,68.013,10,0:37
e02543_C,e02543,C,DBO,E1094,NA,DBO3.6,sample,26_2023,B6,NA,B,2021,11,12,Chukchi Sea,-167.2166667,68.88333333,53,3:56
e02544_C,e02544,C,DBO,E1095,NA,DBO3.6,sample,26_2023,C6,NA,B,2021,11,12,Chukchi Sea,-167.2166667,68.88333333,30,3:56
e02545_C,e02545,C,DBO,E1096,NA,DBO3.6,sample,26_2023,D6,NA,B,2021,11,12,Chukchi Sea,-167.2166667,68.88333333,10,3:56
e02546_C,e02546,C,DBO,E1097,NA,DBO3.7,sample,26_2023,E6,NA,B,2021,11,12,Chukchi Sea,-168.5949667,67.78283333,45,6:39
e02547_C,e02547,C,DBO,E1098,NA,DBO3.7,sample,26_2023,F6,NA,B,2021,11,12,Chukchi Sea,-168.5949667,67.78283333,30,6:39
e02548_C,e02548,C,DBO,E1099,NA,DBO3.7,sample,26_2023,G6,NA,B,2021,11,12,Chukchi Sea,-168.5949667,67.78283333,10,6:39
e02549_C,e02549,C,DBO,E1100,NA,M8,sample,26_2023,H6,NA,B,2021,11,14,Bering Sea,-174.68,62.20133333,68,0:51
e02550_C,e02550,C,DBO,E1101,NA,M8,sample,26_2023,A7,NA,B,2021,11,14,Bering Sea,-174.68,62.20133333,31,0:51
e02551_C,e02551,C,DBO,E1102,NA,M8,sample,26_2023,B7,NA,B,2021,11,14,Bering Sea,-174.68,62.20133333,10,0:51
e02552_C,e02552,C,DBO,E1103,NA,DBO1.1,sample,26_2023,C7,NA,B,2021,11,14,Bering Sea,-175.0666667,62,74,3:06
e02553_C,e02553,C,DBO,E1104,NA,DBO1.1,sample,26_2023,D7,NA,B,2021,11,14,Bering Sea,-175.0666667,62,30,3:06
e02554_C,e02554,C,DBO,E1105,NA,DBO1.1,sample,26_2023,E7,NA,B,2021,11,14,Bering Sea,-175.0666667,62,10,3:06
e02555_C,e02555,C,DBO,E1106,NA,DBO1.2,sample,26_2023,F7,NA,B,2021,11,14,Bering Sea,-175.2086333,62.04928333,76,5:06
e02556_C,e02556,C,DBO,E1107,NA,DBO1.2,sample,26_2023,G7,NA,B,2021,11,14,Bering Sea,-175.2086333,62.04928333,31,5:06
e02557_C,e02557,C,DBO,E1108,NA,DBO1.2,sample,26_2023,H7,NA,B,2021,11,14,Bering Sea,-175.2086333,62.04928333,10,5:06
e02558_C,e02558,C,DBO,E1109,NA,DBO1.3,sample,26_2023,A8,NA,B,2021,11,14,Bering Sea,-174.8778333,62.22,70,8:01
e02559_C,e02559,C,DBO,E1110,NA,DBO1.3,sample,26_2023,B8,NA,B,2021,11,14,Bering Sea,-174.8778333,62.22,31,8:01
e02560_C,e02560,C,DBO,E1111,NA,DBO1.3,sample,26_2023,C8,NA,B,2021,11,14,Bering Sea,-174.8778333,62.22,10,8:01
e02561_C,e02561,C,DBO,E1112,NA,DBO1.4,sample,26_2023,D8,NA,B,2021,11,14,Bering Sea,-174.5716,62.39033333,65,9:58
e02562_C,e02562,C,DBO,E1113,NA,DBO1.4,sample,26_2023,E8,NA,B,2021,11,14,Bering Sea,-174.5716,62.39033333,30,9:58
e02563_C,e02563,C,DBO,E1114,NA,DBO1.4,sample,26_2023,F8,NA,B,2021,11,14,Bering Sea,-174.5716,62.39033333,10,9:58
e02564_C,e02564,C,DBO,E1115,NA,DBO1.5,sample,26_2023,G8,NA,B,2021,11,14,Bering Sea,-174.0845,62.46833333,63,13:19
e02565_C,e02565,C,DBO,E1116,NA,DBO1.5,sample,26_2023,H8,NA,B,2021,11,14,Bering Sea,-174.0845,62.46833333,30,13:19
e02566_C,e02566,C,DBO,E1117,NA,DBO1.5,sample,26_2023,A9,NA,B,2021,11,14,Bering Sea,-174.0845,62.46833333,10,13:19
e02567_C,e02567,C,DBO,E1118,NA,DBO1.6,sample,26_2023,B9,NA,B,2021,11,14,Bering Sea,-173.55045,62.5605,60,15:00
e02568_C,e02568,C,DBO,E1119,NA,DBO1.6,sample,26_2023,C9,NA,B,2021,11,14,Bering Sea,-173.55045,62.5605,31,15:00
e02569_C,e02569,C,DBO,E1120,NA,DBO1.6,sample,26_2023,D9,NA,B,2021,11,14,Bering Sea,-173.55045,62.5605,11,15:00
e02570_C,e02570,C,DBO,E1121,NA,DBO1.7,sample,26_2023,E9,NA,B,2021,11,14,Bering Sea,-173.5004167,62.7875,66,18:51
e02571_C,e02571,C,DBO,E1122,NA,DBO1.7,sample,26_2023,F9,NA,B,2021,11,14,Bering Sea,-173.5004167,62.7875,31,18:51
e02572_C,e02572,C,DBO,E1123,NA,DBO1.7,sample,26_2023,G9,NA,B,2021,11,14,Bering Sea,-173.5004167,62.7875,11,18:51
e02573_C,e02573,C,DBO,E1124,NA,DBO1.8,sample,26_2023,H9,NA,B,2021,11,14,Bering Sea,-173.461,63.03016667,65,20:50
e02574_C,e02574,C,DBO,E1125,NA,DBO1.8,sample,26_2023,A10,NA,B,2021,11,14,Bering Sea,-173.461,63.03016667,30,20:50
e02575_C,e02575,C,DBO,E1126,NA,DBO1.8,sample,26_2023,B10,NA,B,2021,11,14,Bering Sea,-173.461,63.03016667,11,20:50
e02576_C,e02576,C,DBO,E1127,NA,DBO1.9,sample,26_2023,C10,NA,B,2021,11,15,Bering Sea,-173.281,63.27833333,61,0:34
e02577_C,e02577,C,DBO,E1128,NA,DBO1.9,sample,26_2023,D10,NA,B,2021,11,15,Bering Sea,-173.281,63.27833333,31,0:34
e02578_C,e02578,C,DBO,E1129,NA,DBO1.9,sample,26_2023,E10,NA,B,2021,11,15,Bering Sea,-173.281,63.27833333,11,0:34
e02579_C,e02579,C,DBO,E1130,NA,DBO1.10,sample,26_2023,F10,NA,B,2021,11,15,Bering Sea,-172.5931667,63.60483333,46,3:54
e02580_C,e02580,C,DBO,E1131,NA,DBO1.10,sample,26_2023,G10,NA,B,2021,11,15,Bering Sea,-172.5931667,63.60483333,30,3:54
e02581_C,e02581,C,DBO,E1132,NA,DBO1.10,sample,26_2023,H10,NA,B,2021,11,15,Bering Sea,-172.5931667,63.60483333,11,3:54
e02582_C,e02582,C,DBO,E1133,NA,DBO2.1,sample,26_2023,A11,NA,B,2021,11,15,Bering Sea,-169.9187,64.67016667,43,12:20
e02583_C,e02583,C,DBO,E1134,NA,DBO2.1,sample,26_2023,B11,NA,B,2021,11,15,Bering Sea,-169.9187,64.67016667,30,12:20
e02584_C,e02584,C,DBO,E1135,NA,DBO2.1,sample,26_2023,C11,NA,B,2021,11,15,Bering Sea,-169.9187,64.67016667,10,12:20
e02585_C,e02585,C,DBO,E1136,NA,DBO2.2,sample,26_2023,D11,NA,B,2021,11,15,Bering Sea,-169.1006667,64.68,41,15:44
e02586_C,e02586,C,DBO,E1137,NA,DBO2.2,sample,26_2023,E11,NA,B,2021,11,15,Bering Sea,-169.1006667,64.68,30,15:44
e02587_C,e02587,C,DBO,E1138,NA,DBO2.2,sample,26_2023,F11,NA,B,2021,11,15,Bering Sea,-169.1006667,64.68,10,15:44
e02588_C,e02588,C,DBO,E1139,NA,DBO2.5,sample,26_2023,G11,NA,B,2021,11,15,Bering Sea,-169.1398333,64.98983333,44,22:03
e02589_C,e02589,C,DBO,E1140,NA,DBO2.5,sample,26_2023,H11,NA,B,2021,11,15,Bering Sea,-169.1398333,64.98983333,31,22:03
e02590_C,e02590,C,DBO,E1141,NA,DBO2.5,sample,26_2023,A12,NA,B,2021,11,15,Bering Sea,-169.1398333,64.98983333,10,22:03
e02591_C,e02591,C,DBO,E1142,NA,DBO2.4,sample,26_2023,B12,NA,B,2021,11,16,Bering Sea,-169.8803333,64.95883333,44,1:31
e02592_C,e02592,C,DBO,E1143,NA,DBO2.4,sample,26_2023,C12,NA,B,2021,11,16,Bering Sea,-169.8803333,64.95883333,30,1:31
e02593_C,e02593,C,DBO,E1144,NA,DBO2.4,sample,26_2023,D12,NA,B,2021,11,16,Bering Sea,-169.8803333,64.95883333,10,1:31
e02594_C,e02594,C,DBO,E1145,NA,DBO2.3,sample,26_2023,E12,NA,B,2021,11,16,Bering Sea,-168.2356667,64.66983333,34,7:31
NC3_C,NC3,C,DBO,NA,NA,NA,PCR_blank,NA,NA,NA,B,NA,NA,NA,NA,NA,NA,NA,NA
NC4_C,NC4,C,DBO,NA,NA,NA,PCR_blank,NA,NA,NA,B,NA,NA,NA,NA,NA,NA,NA,NA
atlcod2_C,atlcod2,C,DBO,NA,NA,NA,positive,NA,NA,NA,B,NA,NA,NA,NA,NA,NA,NA,NA
